BAT_NAME,RA,DEC,SNR,COUNTERPART_NAME,OTHER_NAME,CTPT_RA,CTPT_DEC,FLUX,FLUX_LO,FLUX_HI,CONTAM_FRAC,GAMMA,GAMMA_LO,GAMMA_HI,CHI_SQ_R,REDSHIFT,LUM,ASSOC_STRENGTH,CL2,TYPE
SWIFT J0001.6-7701,0.32572523,-77.001495,5.4087653,Fairall 1203,,0.441917,-76.95397,10.1,6.61,14.08,0.0,2.02,1.54,2.6,0.7,0.058394,43.91609,0,4,Sy1
SWIFT J0002.5+0323,0.6643712,3.332471,5.0990663,NGC 7811,,0.6103,3.3519,11.69,7.36,16.64,0.0,1.82,1.31,2.39,0.5,0.025518,43.239723,0,4,Sy1.5
SWIFT J0005.0+7021,1.0109622,70.327415,7.1977897,2MASX J00040192+7019185,IGR J00040+7020,1.008167,70.32175,12.67,9.38,16.33,0.0,2.19,1.83,2.61,0.7,0.096,44.468975,0,5,Sy2
SWIFT J0009.4-0037,2.3161855,-0.574585,4.987157,2MASX J00091156-0036551,,2.298239,-0.615202,9.26,5.31,13.99,0.0,2.14,1.52,2.97,0.4,0.073252,44.084366,0,5,Sy2
SWIFT J0010.5+1057,2.6118748,10.952875,13.351101,Mrk 1501,,2.6292,10.9749,31.37,26.89,36.08,0.0,1.87,1.68,2.07,0.9,0.08934,44.796345,0,4,Sy1.2
SWIFT J0021.2-1909,5.305254,-19.150911,8.542029,2MASX J00210753-1910056,PKS 0018-19,5.2814,-19.1682,17.28,13.33,21.64,0.0,2.06,1.76,2.41,0.8,0.09557,44.599594,0,5,Sy2
SWIFT J0025.8+6818,6.476934,68.38448,7.4494143,2MASX J00253292+6821442,,6.387,68.3623,18.24,13.89,22.94,0.0,1.65,1.32,2.0,0.4,0.012,42.768753,0,5,Sy2
SWIFT J0026.5-5308,6.7011733,-53.153423,6.612803,2MASX J00264073-5309479,,6.6695,-53.1633,14.16,10.2,18.52,0.0,1.78,1.4,2.2,0.7,0.062877,44.129837,0,4,Sy1.2
SWIFT J0029.2+1319,7.307917,13.317666,6.789075,[HB89] 0026+129,,7.306667,13.2675,12.5,8.92,16.55,0.0,2.25,1.85,2.76,0.5,0.142,44.829235,0,8,Sy1/RQQ
SWIFT J0033.6+6127,8.402517,61.448265,7.663523,2MASX J00331831+6127433,IGR J00333+6122,8.3266,61.462,14.11,10.69,17.91,0.0050432906,2.14,1.79,2.53,1.0,0.105,44.5988,0,4,Sy1.5
SWIFT J0034.5-7904,8.625973,-79.06026,5.0361996,2MASX J00341665-7905204,,8.56975,-79.088974,6.73,4.44,9.59,0.0,2.98,2.33,3.9,1.3,0.074,43.955048,0,4,Sy1
SWIFT J0036.3+4540,9.08247,45.635323,7.2416606,CGCG 535-012,,9.087431,45.665024,15.58,11.71,19.83,0.0,1.8,1.48,2.15,1.8,0.047643,43.9209,0,4,Sy1.2
SWIFT J0042.9-2332,10.708945,-23.551455,21.92112,NGC 235A,,10.72,-23.541,47.65,43.3,52.15,0.0,1.86,1.75,1.99,2.1,0.02223,43.72802,0,4,Sy1
SWIFT J0042.9+3016B,10.745769,30.25945,7.1387672,2MASX J00423991+3017515,,10.666292,30.29764,10.31,0.0,0.0,1.1730303,0.96,0.0,0.0,0.3,0.1408,44.737553,0,8,Sy1
SWIFT J0042.9-1135,10.7495985,-11.569456,4.818369,MCG -02-02-095,,10.786542,-11.601,8.95,5.37,13.19,0.0,2.23,1.67,3.0,0.8,0.01887,42.85725,0,5,Sy2
SWIFT J0048.8+3155,12.216581,31.96135,73.9311,Mrk 348,,12.1964,31.957,156.04,151.87,160.25,0.0,1.9,1.86,1.93,6.9,0.01503,43.898518,0,5,Sy2/FSRQ
SWIFT J0051.6+2928,12.898683,29.47144,5.5000086,MCG +05-03-013,,12.895877,29.401258,9.81,6.2,14.07,0.0,2.18,1.64,2.9,1.1,0.035955,43.46812,0,4,Sy1.0
SWIFT J0051.9+1724,12.96504,17.424889,15.726656,Mrk 1148,,12.9783,17.4329,29.7,25.89,33.71,0.0,2.17,1.99,2.36,1.4,0.064,44.467598,0,4,Sy1
SWIFT J0054.9+2524,13.718847,25.403027,6.810625,[HB89] 0052+251,,13.717083,25.427221,13.7,9.84,18.04,0.0,1.93,1.56,2.35,0.9,0.155,44.95221,0,4,Sy1.2
SWIFT J0059.4+3150,14.990283,31.814356,14.432707,Mrk 352,,14.972,31.8269,29.98,25.84,34.32,0.0,1.94,1.76,2.14,0.5,0.01486,43.172123,0,4,Sy1
SWIFT J0100.9-4750,15.192632,-47.87805,9.363741,ESO 195-IG 021 NED03,,15.1457,-47.8676,16.3,12.68,20.24,1.3113767E-16,2.0,1.7,2.33,0.6,0.04825,43.951893,0,5,Sy1.8
SWIFT J0101.5-0308,15.361851,-3.1500697,5.273469,2MASX J01012440-0308399,SWIFT J0101.3-0306,15.3517,-3.1445,10.34,6.39,15.08,0.0,2.09,1.55,2.81,0.7,0.069448,44.08365,0,5,Sy1.8
SWIFT J0105.5-4213,16.368814,-42.166992,6.2194343,MCG -07-03-007,,16.36175,-42.216194,11.97,8.14,16.25,0.0,1.75,1.33,2.21,0.7,0.030249,43.400787,0,5,Sy2
SWIFT J0105.7-1414,16.43128,-14.23663,6.9029408,2MASX J01053882-1416133,,16.41171,-14.2704,13.07,9.32,17.34,0.0,2.21,1.79,2.72,1.1,0.066,44.13907,0,4,Sy1
SWIFT J0105.6-3433,16.4426,-34.570644,5.4598374,HE 0103-3447,,16.44417,-34.5292,8.56,5.15,12.55,0.0,2.28,1.71,3.14,1.2,0.057,43.822388,0,4,Sy1
SWIFT J0106.8+0639,16.688534,6.6677966,7.7685213,2MASX J01064523+0638015,UM 085,16.68859,6.633877,15.45,11.16,20.26,0.0,2.01,1.6,2.48,1.8,0.041,43.78264,0,5,Sy2
SWIFT J0107.7-1137B,16.942717,-11.622195,6.840089,2MASX J01073963-1139117,,16.915167,-11.653222,10.48,0.0,0.0,0.26385385,1.7,0.0,0.0,1.4,0.047459,43.745213,0,5,Sy2 double source
SWIFT J0113.8+1313,18.457466,13.239016,7.3330626,Mrk 975,,18.462622,13.2717285,16.54,12.24,21.33,3.442631E-19,1.88,1.52,2.28,1.5,0.049634,43.983673,0,4,Sy1
SWIFT J0114.5-3236,18.563417,-32.632706,6.852772,IC 1657,,18.52925,-32.65089,14.32,9.95,19.18,0.0,1.85,1.41,2.36,0.9,0.011952,42.660156,0,5,Sy2
SWIFT J0114.4-5522,18.574772,-55.40065,8.651776,NGC 454E,2MASX J01142491-5523497,18.60379,-55.3971,17.46,13.6,21.64,0.0,1.8,1.5,2.12,0.4,0.01213,42.759216,0,5,Sy2
SWIFT J0122.0-2818,20.506624,-28.291742,5.9654255,[HB89] 0119-286,,20.464582,-28.349167,15.07,10.02,20.87,0.0,1.39,0.81,1.94,1.2,0.116,44.720238,0,8,"Sy1, QSO"
SWIFT J0122.8+5003,20.611755,50.089493,7.598459,MCG +08-03-018,,20.643457,50.055,12.63,9.52,16.13,0.0,2.39,2.03,2.82,0.8,0.020401,43.075592,0,5,Sy2
SWIFT J0123.8-3504,20.944313,-35.0715,28.75867,NGC 526A,,20.9766,-35.0654,63.25,59.04,67.54,0.0,1.79,1.7,1.87,2.0,0.0191,43.717163,0,4,Sy1.5
SWIFT J0123.9-5846,20.946878,-58.784546,27.408617,Fairall 9,,20.9408,-58.8057,49.46,45.98,53.03,0.0,2.03,1.94,2.13,2.3,0.04702,44.41076,0,4,Sy1
SWIFT J0126.2+1517,21.489428,15.274825,6.1560707,RHS 10,,21.491922,15.303808,13.36,9.36,17.83,1.7705806E-17,2.0,1.6,2.48,1.9,0.111,44.626804,0,4,Sy1
SWIFT J0127.5+1910,21.876722,19.173494,7.3911085,Mrk 359,,21.885635,19.178833,13.32,9.87,17.21,0.0,2.36,1.99,2.83,2.2,0.017385,42.957764,0,4,Sy1.5
SWIFT J0128.0-1850,22.001184,-18.82627,8.7672205,MCG -03-04-072,,22.027988,-18.808598,19.74,15.39,24.46,0.0,1.9,1.59,2.25,0.6,0.046,43.99216,0,4,Sy1/NLSy1
SWIFT J0130.0-4218,22.42968,-42.32441,6.0628967,ESO 244-IG 030,,22.4636,-42.3265,8.86,6.0,12.23,0.0,2.43,1.95,3.07,0.2,0.025598,43.122112,0,5,Sy2
SWIFT J0131.8-3307,22.979698,-33.070885,6.863166,ESO 353- G 009,,22.960083,-33.119278,14.41,10.49,18.74,0.0,1.85,1.48,2.25,0.7,0.016485,42.945164,0,5,Sy2
SWIFT J0134.1-3625,23.480562,-36.50401,22.319967,NGC 612,,23.4906,-36.4933,54.99,50.56,59.53,0.0,1.56,1.46,1.67,1.2,0.02977,44.048805,0,5,Sy2
SWIFT J0138.6-4001,24.658508,-39.991043,32.93712,ESO 297-018,,24.6548,-40.0114,68.66,64.61,72.8,0.0,1.76,1.68,1.84,2.8,0.0252,43.997517,0,5,Sy2
SWIFT J0140.6-5321,25.161425,-53.34412,7.9815803,2MASX J01402676-5319389,,25.111626,-53.327557,12.44,9.38,15.88,0.0,2.25,1.89,2.66,0.1,0.074393,44.22669,0,5,Sy2
SWIFT J0142.0+3922,25.48403,39.38547,6.5662518,B2 0138+39B,,25.490625,39.391445,13.61,9.58,18.16,5.943766E-15,1.95,1.53,2.44,0.6,0.08,44.33222,0,4,Sy1
SWIFT J0151.3-3610,27.88777,-36.195686,4.961728,ESO 354- G 004,,27.9245,-36.1878,8.22,5.08,11.95,0.0,2.23,1.7,2.96,0.4,0.03346,43.32726,0,5,Sy1
SWIFT J0152.8-0329,28.211195,-3.415499,10.713174,MCG -01-05-047,,28.2042,-3.4468,22.86,18.77,27.26,0.0,1.92,1.69,2.17,2.0,0.0172,43.182922,0,5,Sy2
SWIFT J0155.4+0228,28.841295,2.4858572,5.863328,1ES 0152+022,,28.85375,2.471167,11.33,7.59,15.62,0.0,2.13,1.67,2.69,0.1,0.082,44.275234,0,4,Sy1
SWIFT J0200.3+2428,30.122095,24.476074,5.7512355,UGC 01479,,30.0794,24.4737,14.36,9.76,19.47,0.0,1.75,1.3,2.25,1.1,0.016435,42.940983,0,5,Sy2
SWIFT J0203.1-2359,30.753544,-24.032927,6.2676845,1RXS J020301.2-240213,,30.7537,-24.0367,10.78,7.41,14.72,0.0,2.28,1.81,2.87,0.6,0.1781,44.981037,0,4,Sy1.5
SWIFT J0206.2-0019,31.554495,-0.27873108,13.737266,Mrk 1018,,31.5666,-0.2914,32.97,28.28,37.88,0.0,1.74,1.56,1.94,0.5,0.04244,44.142723,0,4,Sy1.5
SWIFT J0207.0+2931,31.754148,29.508953,8.107222,3C 59,2MASX J02070218+2930459,31.79113,29.528,17.15,12.94,21.79,0.0,1.95,1.61,2.32,0.7,0.1096,44.723434,0,4,Sy1
SWIFT J0208.5-1738,32.14689,-17.616613,5.2204046,NVSS J020834-173933,IGR J02086-1742,32.1455,-17.6594,9.12,5.62,13.12,0.0,1.99,1.49,2.59,0.7,0.129,44.60172,0,4,Sy1.2
SWIFT J0209.5-1010,32.37579,-10.160503,5.59984,ARP 318,,32.38052,-10.15851,15.43,10.65,20.73,0.0,1.5,1.06,1.95,0.5,0.0132,42.77967,0,5,GGROUP/LINER/Sy2
SWIFT J0209.7+5226,32.407433,52.458675,24.813538,LEDA 138501,,32.3929,52.4425,51.28,47.43,55.25,2.2487123E-11,2.07,1.97,2.18,1.2,0.0492,44.467186,0,4,Sy1
SWIFT J0211.1-4944,32.731266,-49.72797,5.4028506,ESO 197- G 027,,32.718876,-49.69853,7.88,4.86,11.42,0.0,2.17,1.65,2.85,0.4,0.04809,43.633247,0,5,Sy2
SWIFT J0214.6-0049,33.657497,-0.77660596,7.101768,Mrk 590,,33.64,-0.767,16.66,12.23,21.56,0.0,1.77,1.41,2.15,0.4,0.02638,43.423,0,4,Sy1.2
SWIFT J0214.9-6432,33.72635,-64.50902,6.800225,2MASX J02143730-6430052,,33.655666,-64.50142,12.23,8.47,16.46,0.0,1.83,1.4,2.32,0.8,0.074,44.21446,0,4,Sy1
SWIFT J0216.3+5128,34.12324,51.43506,8.232378,2MASX J02162987+5126246,,34.1243,51.4402,18.96,14.76,23.54,0.0036256264,1.9,1.58,2.24,0.4,0.0288,43.55696,0,2,likely Sy2
SWIFT J0225.0-2312,36.210644,-23.221952,5.9301705,PKS 0222-23,,36.261154,-23.213297,10.36,6.84,14.37,0.0,2.09,1.63,2.67,0.5,0.232241,45.221607,0,8,QSO Sy1
SWIFT J0225.8-6315,36.327522,-63.211567,7.9422927,Fairall 296,ABELL S0261,36.287624,-63.224,14.75,11.18,18.67,0.0,1.85,1.53,2.2,1.4,0.05804,44.075058,0,4,Sy1 in Galaxy Cluster
SWIFT J0226.4-2821,36.59016,-28.328815,6.259907,AM 0224-283,,36.608124,-28.350279,13.12,9.15,17.56,0.0,1.81,1.39,2.29,1.2,0.0598,44.05123,0,4,Sy1 GPAIR
SWIFT J0230.2-0900,37.546238,-8.998361,5.465122,Mrk 1044,,37.522705,-8.997943,12.92,8.7,17.65,1.6541274E-14,1.76,1.32,2.25,0.6,0.016451,42.895947,0,4,Sy1
SWIFT J0231.6-3645,37.914864,-36.66629,8.839074,IC 1816,,37.9625,-36.6721,19.25,15.25,23.56,0.0,1.71,1.43,2.0,0.8,0.01695,43.095398,0,5,Sy1.8
SWIFT J0234.1+3233,38.59806,32.49812,11.346508,NGC 973,,38.5838,32.5056,31.22,26.42,36.27,0.0,1.74,1.54,1.96,0.7,0.01619,43.265053,0,5,Sy2
SWIFT J0234.6-0848,38.644096,-8.773673,16.35705,NGC 985,,38.6574,-8.7876,31.9,28.14,35.86,1.5558367E-15,2.13,1.97,2.3,2.7,0.043,44.140133,0,4,Sy1
SWIFT J0235.3-2934,38.84981,-29.59843,9.09172,ESO 416-G002,,38.8061,-29.6047,22.98,18.57,27.67,0.0,1.54,1.27,1.81,0.4,0.0592,44.28552,0,5,Sy1.9
SWIFT J0238.8-4039,39.753387,-40.65821,8.296179,2MASX J02384897-4038377,1RXS J023849.4-403844,39.70404,-40.64389,13.36,10.05,17.01,0.0,2.12,1.79,2.52,0.8,0.06176,44.088326,0,4,Sy1
SWIFT J0241.3-0816,40.27468,-8.257352,12.466732,NGC 1052,,40.27,-8.2558,29.46,24.95,34.22,0.0,1.78,1.58,2.0,0.2,0.00504,42.21883,0,5,Sy2
SWIFT J0241.6+0711,40.392666,7.1875896,5.5263534,Mrk 595,1RXS J024135.2+071117,40.395393,7.1872377,10.86,7.12,15.26,0.0,2.29,1.78,2.95,0.7,0.026982,43.25714,0,4,Sy1.5
SWIFT J0242.0+0516,40.501244,5.2747617,5.0850916,2MASX J02420381+0510061,,40.5158,5.1684,12.16,0.0,0.0,0.060672745,1.62,0.0,0.0,0.3,0.069,44.148167,0,5,Sy2
SWIFT J0242.2+0531,40.574932,5.5087543,5.2764306,2MASX J02421465+0530361,1RXS J024215.2+053037,40.561,5.51,10.04,0.0,0.0,0.047370177,2.2,0.0,0.0,0.9,0.069,44.06497,0,4,Sy1
SWIFT J0242.6+0000,40.662777,-0.019868603,15.638305,NGC 1068,,40.6696,-0.0133,35.09,30.91,39.44,0.0,1.91,1.76,2.07,6.7,0.00379,42.046364,0,5,Sy2
SWIFT J0244.8+6227,41.274,62.45005,40.686474,[HB89] 0241+622,,41.2404,62.4685,90.54,86.44,94.72,0.0,1.9,1.84,1.96,2.5,0.044,44.613785,0,4,Sy1
SWIFT J0249.1+2627,42.27271,26.472672,12.060217,2MASX J02485937+2630391,,42.2472,26.5109,33.97,28.81,39.4,0.0,1.69,1.48,1.9,0.7,0.0579,44.435177,0,5,Sy2
SWIFT J0251.3+5441,42.636257,54.707928,8.977392,2MFGC 02280,IGR J02504+5443,42.6775,54.7049,27.07,22.28,32.14,0.0,1.49,1.24,1.73,0.7,0.01515,43.144756,0,5,Sy2
SWIFT J0251.6-1639,42.92801,-16.63313,7.977176,NGC 1125,,42.918,-16.651,17.43,13.42,21.8,0.0,1.81,1.5,2.13,1.2,0.01102,42.674377,0,5,Sy2
SWIFT J0252.7-0822,43.109013,-8.515836,11.928132,MCG -02-08-014,,43.0975,-8.5104,26.07,21.99,30.41,0.0,1.95,1.74,2.17,0.9,0.01675,43.216667,0,5,"Sy2, hidden"
SWIFT J0255.2-0011,43.792294,-0.16581602,33.60669,NGC 1142,,43.8008,-0.1836,88.43,83.54,93.42,0.0,1.71,1.63,1.78,0.9,0.02885,44.22726,0,5,Sy2
SWIFT J0256.4-3212,44.09129,-32.15798,14.857672,ESO 417- G 006,,44.0898,-32.1856,30.66,26.85,34.64,0.0,1.87,1.71,2.04,1.8,0.01629,43.262608,0,5,Sy2
SWIFT J0304.1-0108,45.93844,-1.1359005,13.848106,NGC 1194,LEDA 11537,45.9546,-1.1037,36.58,31.83,41.52,0.0,1.68,1.51,1.85,2.2,0.0136,43.180744,0,4,Sy1
SWIFT J0308.5-7251,46.98928,-72.843285,6.7595763,ESO 031- G 008,,46.897167,-72.83403,12.43,9.06,16.15,0.0,1.94,1.59,2.34,1.0,0.027619,43.336464,0,4,Sy1.2
SWIFT J0308.2-2258,47.011986,-22.969175,4.9613256,NGC 1229,,47.044937,-22.960798,10.9,7.03,15.29,0.0,1.76,1.29,2.27,1.8,0.036,43.51499,0,5,Sy2
SWIFT J0311.1+3241,47.777225,32.709972,5.123169,2MASX J03104435+3239296,,47.685,32.658,8.05,4.72,12.15,0.0,2.56,1.92,3.58,0.6,0.127,44.53283,0,6,Sy
SWIFT J0311.5-2045,47.829983,-20.749058,10.343421,RX J0311.3-2046,,47.8284,-20.7717,23.98,19.79,28.44,0.0,1.75,1.53,1.99,1.0,0.067,44.416313,0,4,Sy1.5
SWIFT J0312.9+4121,48.224464,41.356606,5.5705886,QSO B0309+411,QSO B0309+411,48.258,41.333,17.66,12.37,23.51,3.2041883E-17,1.52,1.07,1.99,0.4,0.136,44.93851,0,4,Sy1
SWIFT J0317.2+0116,49.278996,1.2496536,5.565804,MCG +00-09-042,,49.259163,1.254974,13.27,9.22,17.86,0.0,1.87,1.49,2.29,2.3,0.023761,43.231674,0,5,Sy2 LINER
SWIFT J0318.7+6828,49.532204,68.49213,7.28451,2MASX J03181899+6829322,,49.5791,68.4921,17.77,13.57,22.31,0.0,1.72,1.42,2.05,0.5,0.0901,44.557323,0,5,Sy1.9
SWIFT J0319.7+4132,49.939865,41.51795,50.91503,NGC 1275,,49.9507,41.5117,73.4,70.88,76.0,6.1345245E-19,3.69,3.59,3.8,2.5,0.01756,43.70777,0,5,Sy2/Perseus Cluster
SWIFT J0324.8+3410,51.179237,34.17582,10.285729,1H 0323+342,,51.1715,34.1794,29.93,24.79,35.37,0.0,1.73,1.48,1.98,0.8,0.061,44.427402,0,4,Sy1
SWIFT J0325.0-4154,51.252163,-41.86365,5.4122033,LCRS B032315.2-420449,,51.2595,-41.904835,8.17,5.2,11.74,0.0,2.2,1.66,2.88,0.9,0.058,43.817863,0,4,Sy1
SWIFT J0328.4-2846,52.167336,-28.717943,6.499974,PKS 0326-288,,52.1522,-28.6989,13.23,9.47,17.41,0.0,1.84,1.45,2.25,1.1,0.108,44.597034,0,5,Sy1.9
SWIFT J0331.3+0538,52.724224,5.6551332,5.561494,2MASX J03305218+0538253,,52.71742,5.640444,11.02,7.47,15.1,0.0,2.39,1.93,3.0,1.2,0.046,43.738995,0,4,Sy1
SWIFT J0331.4-0510,52.849678,-5.160911,5.522384,MCG -01-09-045,,52.845917,-5.141756,12.75,8.6,17.49,0.0,1.93,1.48,2.46,0.1,0.012822,42.67133,0,5,Sy2
SWIFT J0333.3+3720,53.32411,37.32775,9.448959,2MASX J03331873+3718107,IGR J03334+3718,53.3282,37.303,24.35,19.84,29.18,0.0,1.98,1.73,2.25,0.3,0.05583,44.257675,0,4,Sy1.5
SWIFT J0335.4+1907,53.815407,19.130728,4.8241353,2MASX J03352254+1907282,,53.8438,19.1244,13.56,8.54,19.3,0.0,1.73,1.2,2.32,0.2,0.189,45.137928,0,8,Sy1
SWIFT J0342.0-2115,55.51348,-21.22741,21.684021,ESO 548-G081,,55.5155,-21.2444,44.46,40.43,48.64,0.0,1.93,1.81,2.05,0.8,0.01448,43.320507,0,4,Sy1
SWIFT J0345.2-3935,56.29317,-39.59564,6.816319,LCRS B034324.7-394349,,56.302208,-39.574806,10.36,7.51,13.62,0.0,2.39,1.98,2.9,0.8,0.0431,43.653786,0,4,Sy1
SWIFT J0347.0-3027,56.792885,-30.448399,5.74545,HE 0345-3033,1RXS J034704.9-302409,56.77292,-30.39722,9.16,5.98,12.9,0.0,2.24,1.73,2.91,0.6,0.095,44.318413,0,4,Sy1
SWIFT J0350.1-5019,57.58511,-50.302006,9.668395,2MASX J03502377-5018354,,57.599,-50.3099,20.89,17.03,24.98,0.0,1.63,1.39,1.88,0.5,0.03649,43.80956,0,5,Sy2
SWIFT J0351.7-4030,57.93149,-40.497677,7.2165933,Fairall 1116,,57.92371,-40.466473,12.06,8.96,15.55,3.4092666E-11,2.12,1.77,2.52,0.7,0.058571,43.99585,0,4,Sy1
SWIFT J0353.7+3711,58.449642,37.201077,6.5001616,2MASX J03534246+3714077,,58.427,37.235,15.33,10.71,20.56,0.0,2.14,1.68,2.69,0.9,0.01828,43.062992,0,5,Sy2
SWIFT J0354.2+0250,58.500687,2.8262358,6.3330674,2MASX J03540948+0249307,,58.53946,2.825194,12.85,9.05,17.17,0.0,2.25,1.83,2.76,0.7,0.036,43.586468,0,4,Sy1
SWIFT J0357.5-6255,59.08556,-62.890465,7.3343163,2MASX J03561995-6251391,,59.083,-62.861,12.5,9.31,16.03,0.0,2.08,1.73,2.47,1.4,0.1076,44.56893,0,5,Sy1.9
SWIFT J0356.9-4041,59.202602,-40.703682,8.907559,2MASX J03565655-4041453,,59.2356,-40.696,19.57,15.58,23.88,2.3433096E-11,1.65,1.37,1.93,2.2,0.0747,44.427223,0,5,Sy1.9
SWIFT J0359.0-3015A,59.807434,-30.228943,7.956363,SARS 059.33488-30.34397,,59.83542,-30.202694,8.42,0.0,0.0,0.33791378,2.59,0.0,0.0,1.1,0.097274,44.303707,0,4,Sy1 LINER
SWIFT J0359.0-3015B,59.807434,-30.228943,7.956363,SARS 059.28692-30.44439,,59.786835,-30.30286,10.98,0.0,0.0,1.5273455,1.09,0.0,0.0,1.3,0.093898,44.38634,0,5,Sy1.9
SWIFT J0402.4-1807,60.60938,-18.08701,9.774331,ESO 549- G 049,,60.607,-18.048,25.16,20.59,30.0,0.0,1.6,1.36,1.85,0.3,0.02629,43.599007,0,5,Sy2 Liner
SWIFT J0405.3-3707,61.333504,-37.11689,5.4624243,ESO 359- G 019,,61.256958,-37.1875,10.8,6.74,15.53,4.7032904E-17,1.65,1.07,2.27,1.8,0.055171,43.89388,0,4,Sy1
SWIFT J0407.4+0339,61.82424,3.7417505,11.91702,3C 105,,61.8186,3.7072,27.65,23.01,32.61,0.0,1.99,1.76,2.24,0.2,0.089,44.73801,0,5,Sy2
SWIFT J0413.8+1112,63.445553,11.206788,5.08661,3C 109,,63.41821,11.203833,13.73,8.71,19.53,8.176907E-7,1.94,1.4,2.59,0.4,0.3056,45.61631,0,8,Sy1.8/N GALAXY
SWIFT J0414.8-0754,63.70969,-7.9280944,12.202496,IRAS 04124-0803,,63.7195,-7.9278,21.0,17.63,24.65,0.0,2.51,2.26,2.79,1.6,0.03791,43.845905,0,4,Sy1
SWIFT J0418.3+3800,64.61918,38.017445,40.744827,3C 111.0,,64.5887,38.0266,116.8,111.84,121.83,0.0,1.98,1.92,2.04,0.7,0.0485,44.811794,0,4,Sy1
SWIFT J0420.0-5457,64.97343,-54.94604,11.35387,NGC 1566,,65.00175,-54.937805,21.38,17.72,25.25,0.0,1.86,1.64,2.11,1.7,0.005017,42.07562,0,4,Sy1
SWIFT J0422.7-5611,65.62166,-56.202477,10.350646,ESO 157- G 023,,65.600746,-56.225967,21.2,17.47,25.14,5.3508887E-14,1.71,1.49,1.94,1.2,0.04353,43.973656,0,5,Sy2
SWIFT J0423.5+0414,65.890884,4.1411815,10.559811,2MASX J04234080+0408017,,65.9199,4.1338,23.88,19.5,28.58,0.0,2.04,1.8,2.3,1.5,0.045,44.05513,0,5,Sy2
SWIFT J0426.2-5711,66.50955,-57.219215,17.237988,1H 0419-577,,66.5035,-57.2001,24.84,21.95,27.9,1.6824426E-14,2.47,2.3,2.67,1.1,0.104,44.835537,0,5,Sy1.5
SWIFT J0433.0+0521,68.292046,5.339319,36.138702,3C 120,,68.2962,5.3543,94.36,89.44,99.38,0.0,1.95,1.88,2.02,1.9,0.03301,44.375126,0,4,Sy1
SWIFT J0437.4-4713,69.33797,-47.208576,7.0079017,2MASX J04372814-4711298,,69.36733,-47.19153,13.64,9.94,17.76,0.0,1.83,1.44,2.25,1.5,0.053,43.95905,0,4,Sy1
SWIFT J0438.2-1048,69.55256,-10.793357,8.738205,MCG -02-12-050,,69.5591,-10.7959,18.97,14.89,23.4,1.444876E-5,1.94,1.66,2.25,0.9,0.03635,43.76426,0,4,Sy1.2
SWIFT J0440.2-5941,70.06944,-59.69083,7.5166574,ESO 118-IG 033 NED01,,69.99604,-59.681694,12.47,9.11,16.26,1.5759804E-18,2.08,1.7,2.52,1.1,0.0577,43.99682,0,5,Sy2/Galaxy Pair
SWIFT J0441.2-2704,70.31154,-27.069572,6.17856,IRAS 04392-2713,,70.344124,-27.138918,9.93,6.73,13.66,0.0,2.28,1.8,2.86,0.5,0.0835,44.234592,0,4,Sy1.5
SWIFT J0441.8-0823,70.484726,-8.416455,5.0461073,1RXS J044154.5-082639,,70.47458,-8.44278,10.21,6.51,14.58,0.0,2.21,1.68,2.88,0.3,0.044,43.66597,0,4,Sy1
SWIFT J0443.9+2856,70.93952,28.965256,13.925827,UGC 03142,,70.945,28.9718,45.54,40.11,51.2,3.036501E-7,1.75,1.59,1.92,0.7,0.02166,43.685417,0,4,Sy1
SWIFT J0444.1+2813,71.00001,28.234438,16.02015,2MASX J04440903+2813003,,71.0376,28.2168,52.95,47.39,58.7,1.7417993E-7,1.74,1.6,1.89,0.5,0.01127,43.176594,0,5,Sy2
SWIFT J0445.0-2816,71.12246,-28.16636,8.67557,PKS 0442-28,,71.15708,-28.165138,18.41,14.48,22.64,0.0,1.8,1.52,2.1,1.0,0.147,45.030174,0,8,Sy2 NLRG
SWIFT J0446.4+1828,71.59274,18.439892,5.3582897,UGC 3157,,71.624,18.4609,14.32,9.7,19.53,0.0,2.01,1.58,2.5,2.1,0.015407,42.88299,0,5,Sy2
SWIFT J0450.7-5813,72.966576,-58.179886,10.744385,RBS 594,,72.9335,-58.1835,21.22,17.47,25.22,0.0,1.85,1.61,2.1,0.2,0.0907,44.640503,0,4,Sy1.5
SWIFT J0452.2+4933,73.015884,49.56874,23.69183,1RXS J045205.0+493248,,73.0208,49.5459,63.16,58.27,68.17,0.0,1.92,1.81,2.03,1.1,0.029,44.085705,0,4,Sy1
SWIFT J0453.4+0404,73.35443,4.072931,10.194913,CGCG 420-015,,73.3573,4.0616,28.14,23.25,33.35,0.0,1.9,1.67,2.14,1.5,0.02939,43.74644,0,5,Sy2
SWIFT J0502.1+0332,75.579315,3.5340743,6.0129776,2MASX J05020903+0331499,,75.537704,3.530556,15.31,10.59,20.66,0.0,1.95,1.51,2.44,0.7,0.01599,42.944668,0,4,Sy1
SWIFT J0503.0+2302,75.72795,23.009083,7.232279,LEDA 097068,,75.7426,22.9977,19.81,15.06,24.99,0.0,2.14,1.8,2.52,0.7,0.0577,44.197834,0,4,Sy1
SWIFT J0504.6-7345,76.1791,-73.80264,4.973911,2MASX J05043414-7349269,IGR J05053-7343,76.1425,-73.8242,8.46,4.71,13.13,0.0,1.98,1.26,2.9,1.0,0.04517,43.607845,0,5,Sy1.9
SWIFT J0505.8-2351,76.44017,-23.855091,25.639555,2MASX J05054575-2351139,,76.4405,-23.8539,60.85,56.38,65.43,0.0,1.72,1.63,1.82,0.9,0.03504,44.237736,0,5,Sy2 HII
SWIFT J0508.1+1727,77.09032,17.412374,9.478116,CGCG 468-002 NED01,,77.082,17.363,26.03,21.13,31.3,1.2019969E-12,2.06,1.8,2.35,2.0,0.0175,43.254536,0,5,Sy2
SWIFT J0510.7+1629,77.684074,16.507082,32.14429,IRAS 05078+1626,4U 0517+17,77.6896,16.4989,90.61,85.44,95.88,1.032192E-13,2.04,1.96,2.12,0.9,0.01788,43.815147,0,4,Sy1.5
SWIFT J0512.1-1830,77.996414,-18.530392,5.973448,ESO 553- G 022,,77.99083,-18.493889,13.72,9.26,18.72,0.0,1.82,1.37,2.36,0.7,0.04208,43.75433,0,5,Sy2
SWIFT J0516.2-0009,79.04888,-0.13794489,29.518824,Ark 120,,79.0476,-0.1498,69.95,65.22,74.8,0.0,2.06,1.97,2.16,1.9,0.0323,44.225784,0,4,Sy1
SWIFT J0516.4-1034,79.09558,-10.555167,6.7995977,MCG -02-14-009,,79.08824,-10.561505,13.58,9.89,17.71,0.0,2.24,1.87,2.69,1.9,0.028453,43.40127,0,4,Sy1
SWIFT J0501.9-3239,79.91178,-32.676815,24.83652,ESO 362-18,,79.8993,-32.6578,49.31,45.42,53.31,0.0,1.89,1.78,1.99,2.8,0.01245,43.232937,0,4,Sy1.5
SWIFT J0519.5-4545,79.92245,-45.777,20.913649,PICTOR A,,79.957,-45.779,38.59,34.93,42.38,9.522941E-12,2.01,1.87,2.14,1.5,0.03506,44.04046,0,4,Sy1/LINER
SWIFT J0521.0-2522,80.2444,-25.35849,5.9458194,2MASX J05210136-2521450,IRAS 05189-2524,80.25613,-25.362612,12.51,8.76,16.73,0.0,1.9,1.52,2.33,0.9,0.042563,43.724453,0,5,Sy2
SWIFT J0524.1-1210,81.03123,-12.189487,8.386491,IRAS 05218-1212,,81.0271,-12.1666,18.34,14.18,22.89,8.171129E-8,2.03,1.72,2.37,0.4,0.049,44.016975,0,4,Sy1
SWIFT J0526.2-2118,81.58412,-21.285484,6.6852517,ESO 553- G 043,,81.61355,-21.286587,13.85,9.75,18.43,0.0,1.83,1.43,2.28,1.0,0.027756,43.38783,0,5,Sy2
SWIFT J0543.9-2749,85.88507,-27.674923,10.323891,MCG -05-14-012,,85.8873,-27.6514,20.04,16.3,24.04,0.0,2.09,1.84,2.37,0.8,0.00992,42.642906,0,4,Sy1.2
SWIFT J0544.4+5909,86.06629,59.135914,9.839431,2MASX J05442257+5907361,,86.0941,59.1267,26.15,21.33,31.27,4.8425073E-15,1.73,1.48,1.99,0.2,0.06597,44.43985,0,5,Sy1.9
SWIFT J0552.2-0727,88.03929,-7.4342957,118.2054,NGC 2110,,88.0474,-7.4562,319.13,313.77,324.52,0.0,1.8,1.78,1.82,1.0,0.00779,43.633614,0,5,Sy2
SWIFT J0552.5+5929,88.156586,59.484467,8.895865,IRAS  05480+5927,,88.11687,59.47558,15.59,12.28,19.3,6.240266E-15,2.55,2.22,2.94,2.2,0.0585,44.10625,0,4,Sy1
SWIFT J0554.8+4625,88.762665,46.445766,54.831444,MCG +08-11-011,,88.7234,46.4393,133.44,128.77,138.18,0.0,2.01,1.96,2.06,5.7,0.02048,44.102882,0,4,Sy1.5
SWIFT J0559.8-5028,89.95103,-50.459286,11.752049,PKS 0558-504,,89.9474,-50.4477,22.1,18.39,26.05,0.0,2.0,1.77,2.25,1.8,0.1372,45.044205,0,8,Sy1 NL
SWIFT J0602.2+2829,90.5434,28.468414,24.345024,IRAS 05589+2828,,90.5446,28.4728,65.19,60.13,70.39,0.0,2.1,1.99,2.21,1.8,0.033,44.21425,0,4,Sy1
SWIFT J0606.0-2755,91.4951,-27.909767,7.3147597,2MASX J06054896-2754398,,91.454,-27.9112,11.76,8.6,15.37,0.0,2.51,2.1,3.05,0.4,0.089228,44.369083,0,4,Sy1.5
SWIFT J0601.9-8636,91.57001,-86.626495,13.055334,ESO 005- G 004,,91.4235,-86.6319,33.6,29.22,38.16,0.0,1.53,1.36,1.71,1.3,0.00623,42.460846,0,5,Sy2
SWIFT J0615.8+7101,93.83647,71.037346,55.964508,Mrk 3,,93.9015,71.0375,140.96,136.45,145.52,0.0,1.63,1.59,1.67,6.0,0.01351,43.76077,0,5,Sy2
SWIFT J0623.3-6438,95.81926,-64.628716,5.7181673,2MASX J06230765-6436211,PMN J0623-6436,95.78213,-64.60567,10.98,7.53,14.84,0.0,1.99,1.55,2.51,2.5,0.128889,44.68152,0,4,Sy1
SWIFT J0623.8+6445,95.81993,64.78101,5.4191833,NVSS J062335+644538,,95.89638,64.76006,6.86,4.5,9.91,0.0,3.14,2.41,4.23,0.6,0.086,44.101078,0,4,Sy1
SWIFT J0623.9-6058,95.92229,-60.955746,13.604146,ESO 121-IG 028,,95.94,-60.979,28.12,24.39,32.03,0.0,1.9,1.72,2.09,0.4,0.0403,44.02732,0,5,Sy2
SWIFT J0623.8-3215,95.938,-32.192963,10.52942,ESO 426- G 002,,95.9434,-32.2166,24.36,20.11,28.83,0.0,1.67,1.45,1.9,2.8,0.02243,43.444546,0,5,Sy2
SWIFT J0626.6-3702,96.64161,-37.028286,7.3765182,6dF J0626586-370559,,96.74421,-37.09961,11.69,8.09,15.74,0.0,1.94,1.52,2.42,0.5,0.039288,43.62339,0,4,Sy1.5
SWIFT J0630.7+6342,97.66276,63.707745,6.132581,UGC 03478,,98.19654,63.673668,10.13,0.0,0.0,0.117664784,2.3,0.0,0.0,0.6,0.012769,42.567795,0,4,Sy1.2
SWIFT J0632.8+6343,98.20833,63.71867,5.9912033,VII Zw 073,,97.606544,63.678112,11.14,0.0,0.0,0.17364612,1.66,0.0,0.0,0.6,0.041332,43.647808,0,5,Sy2
SWIFT J0635.8-7514,98.95087,-75.235344,8.6908045,PKS 0637-752,,98.9438,-75.2713,17.57,14.01,21.41,5.1659055E-4,1.93,1.66,2.22,0.9,0.651,46.50447,0,8,Sy1
SWIFT J0640.4-2554,100.03758,-25.903933,17.93632,ESO 490-IG026,,100.0487,-25.8954,37.42,33.35,41.66,0.0,2.05,1.9,2.2,0.5,0.0248,43.719757,0,4,Sy1.2
SWIFT J0640.1-4328,100.11274,-43.348923,7.0324745,2MASX J06403799-4321211,,100.1583,-43.3558,18.32,14.03,22.93,0.0,1.47,1.15,1.8,0.9,0.061,44.214222,0,5,Sy2
SWIFT J0641.3+3257,100.352486,32.835842,10.926372,2MASX J06411806+3249313,,100.3252,32.8254,35.08,29.33,41.13,0.0,1.67,1.44,1.9,2.1,0.047,44.261185,0,5,Sy2
SWIFT J0645.9+5303,101.59086,53.082653,5.323115,UGC 3533,,101.6108,53.0758,11.83,7.87,16.28,0.0,1.99,1.55,2.51,1.2,0.035875,43.547447,0,5,Sy2
SWIFT J0651.9+7426,103.14142,74.415855,29.715286,Mrk 6,,103.0511,74.4271,60.6,56.72,64.58,0.0,1.89,1.81,1.98,2.2,0.01881,43.685097,0,4,Sy1.5
SWIFT J0655.8+3957,103.92584,39.97514,8.732129,UGC 03601,,103.9564,40.0002,21.38,16.86,26.27,2.2246862E-5,2.02,1.74,2.35,1.3,0.01712,43.149754,0,4,Sy1.5
SWIFT J0656.4-4921,104.09097,-49.31565,5.6450768,2MASX J06561197-4919499,,104.049835,-49.330555,12.17,8.33,16.49,0.0,1.73,1.28,2.22,0.6,0.041002,43.679043,0,5,Sy2
SWIFT J0707.1+6433,106.83002,64.58808,5.4710507,VII Zw 118,,106.80474,64.59974,12.61,8.57,17.11,0.0,1.76,1.34,2.24,1.3,0.07966,44.29517,0,4,Sy1.0
SWIFT J0709.0-4642,107.23059,-46.684383,7.1266584,2MASX J07084326-4642494,,107.1803,-46.7137,13.75,10.29,17.58,0.0,1.98,1.63,2.36,1.0,0.046909,43.852684,0,5,Sy2
SWIFT J0714.2+3518,108.54516,35.29247,6.0848165,MCG +06-16-028,,108.51608,35.279278,16.71,11.97,21.93,0.0,1.7,1.34,2.1,1.1,0.015694,42.966244,0,5,Sy2
SWIFT J0714.3+4541,108.55274,45.672276,4.934809,Mrk 376,,108.5628,45.6988,8.7,5.41,12.53,0.0,2.3,1.79,2.96,1.2,0.05598,43.813118,0,4,Sy1.5
SWIFT J0718.1+4403,109.52058,44.065624,11.29208,RX J0718.0+4405,,109.5024,44.0909,24.51,20.33,28.97,0.0,2.02,1.79,2.27,2.4,0.06144,44.347153,0,4,Sy1.5
SWIFT J0726.6-3552,111.64551,-35.897,8.248496,2MASX J07262635-3554214,,111.609795,-35.90603,23.35,18.82,28.13,0.0,1.43,1.17,1.69,1.3,0.029404,43.66583,0,5,Sy2
SWIFT J0726.5+3659,111.67751,36.999584,5.329045,2MASX J07263532+3700028,,111.64725,37.00075,10.88,7.17,15.23,0.0,2.28,1.78,2.92,1.0,0.19,45.047394,0,8,"QSO, Sy1"
SWIFT J0727.4-2408,111.85161,-24.139072,8.416623,1RXS J072720.8-240629,,111.8951,-24.1039,20.21,15.57,25.25,0.0,1.79,1.46,2.14,1.1,0.123,44.902554,0,5,Sy1.9
SWIFT J0733.2+4558,113.26266,45.95852,5.0982957,1RXS J073308.7+455511,2MASSi J0733092+455506,113.2883,45.9184,10.44,6.75,14.67,0.0,2.09,1.61,2.7,1.4,0.141379,44.74688,0,8,Sy1 QSO
SWIFT J0736.9+5846,114.24602,58.7882,4.8983436,Mrk 9,,114.23741,58.770397,8.63,5.59,11.96,0.0,2.21,1.78,2.77,3.6,0.039874,43.504818,0,4,Sy1.5
SWIFT J0739.7-3142,114.93394,-31.70458,12.135465,2MASX J07394469-3143024,,114.936165,-31.717361,26.72,22.54,31.13,0.0,1.81,1.6,2.03,0.5,0.025788,43.608063,0,5,Sy2
SWIFT J0742.5+4948,115.65495,49.803013,22.758402,Mrk 79,,115.6367,49.8097,46.57,42.6,50.67,0.0,2.04,1.92,2.16,1.8,0.02219,43.716473,0,4,Sy1.2
SWIFT J0743.0+6513,115.75912,65.209404,4.9497585,Mrk 78,,115.67388,65.17707,10.74,6.73,15.39,0.0,1.74,1.2,2.33,0.9,0.03715,43.536617,0,5,Sy2
SWIFT J0743.3-2546,115.79796,-25.78832,10.140187,LEDA 86073,,115.8114,-25.7639,20.7,16.64,25.08,0.0,2.12,1.84,2.44,0.6,0.023,43.396008,0,4,Sy1.2
SWIFT J0747.5+6057,116.85416,60.91206,7.9161296,Mrk 10,,116.8714,60.9335,14.8,11.3,18.65,0.0,2.07,1.76,2.43,1.7,0.02926,43.463448,0,4,Sy1.2
SWIFT J0752.2+1937,118.102066,19.615097,6.7748666,2MASX J07521780+1935423,,118.07433,19.595083,15.71,11.38,20.55,0.0,2.09,1.72,2.52,0.4,0.117227,44.74814,0,8,"QSO, Sy1"
SWIFT J0753.1+4559,118.274414,45.977757,5.65287,B3 0749+460A,1RXS J075243.6+455653,118.18416,45.949272,15.41,10.93,20.35,0.0,1.58,1.19,1.99,0.9,0.051799,43.99138,0,4,Sy1
SWIFT J0756.3-4137,119.073524,-41.62208,5.422737,2MASX J07561963-4137420,IGR J07565-4139,119.0817,-41.6284,10.54,6.78,14.9,0.0,2.05,1.55,2.7,0.7,0.021,43.022556,0,5,Sy2
SWIFT J0759.8-3844,119.94477,-38.74506,25.939465,2MASS J07594181-3843560,IGR J07597-3842,119.92425,-38.73222,50.64,46.76,54.63,0.0,2.05,1.95,2.16,0.9,0.04,44.27612,0,4,Sy1.2
SWIFT J0800.5+2327,119.957565,23.3889,11.949484,2MASX J07595347+2323241,CGCG 118-036,119.9728,23.3901,34.54,29.31,40.03,0.0,1.7,1.5,1.91,0.2,0.02918,43.829075,0,5,Sy2
SWIFT J0800.1+2638,120.08556,26.632627,12.144791,IC 0486,,120.0874,26.6135,32.16,27.24,37.34,0.0,1.81,1.6,2.02,0.1,0.02688,43.725273,0,4,Sy1
SWIFT J0803.4+0842,120.87004,8.703838,7.918968,2MASX J08032736+0841523,,120.8641,8.6978,17.32,13.27,21.74,0.0,2.25,1.93,2.62,1.7,0.0468,43.95084,0,6,Sy1
SWIFT J0804.2+0507,121.03831,5.101251,23.029978,Mrk 1210,Phoenix galaxy,121.0244,5.1138,54.44,49.85,59.18,0.0,2.05,1.94,2.17,2.6,0.0135,43.34694,0,5,Sy2
SWIFT J0804.6+1045,121.161934,10.76657,5.482644,MCG +02-21-013,,121.19325,10.776722,15.22,9.99,21.12,0.0,1.71,1.21,2.25,1.2,0.034434,43.62035,0,4,Sy2Sy1 Galaxy pair
SWIFT J0807.9+3859,121.97134,38.988483,5.0164323,Mrk 622,,121.92098,39.004215,9.65,6.0,13.94,0.0,2.07,1.56,2.7,1.2,0.023229,43.07332,0,5,Sy2
SWIFT J0810.9+7602,122.725815,76.031525,10.1027565,PG 0804+761,PG 0804+761,122.744,76.045,14.72,11.74,18.02,0.0,2.44,2.14,2.8,0.5,0.1,44.571903,0,4,Sy1
SWIFT J0814.3+0423,123.579506,4.3651385,8.944864,CGCG 031-072,,123.6055,4.342444,20.88,16.14,26.01,0.0,1.88,1.59,2.2,0.7,0.03305,43.721146,0,4,Sy1
SWIFT J0817.8+0251,124.41824,2.8027055,6.076177,1RXS J081749.0+025104,,124.455,2.849917,13.18,8.92,18.04,0.0,2.06,1.62,2.58,0.5,0.106,44.578003,0,4,Sy1
SWIFT J0818.1+0120,124.56959,1.382615,7.9114566,2MASX J08181469+0122266,,124.561,1.374,21.59,16.57,27.01,0.0,1.71,1.4,2.03,0.8,0.089,44.63057,0,5,Sy1.8
SWIFT J0819.2-2259,124.7244,-22.873133,4.810726,RX J0818.9-2252,,124.741,-22.877,12.06,7.29,17.6,0.0,1.77,1.16,2.48,1.8,0.03459,43.523308,0,4,Sy1
SWIFT J0823.4-0457,125.75165,-4.912584,16.971579,Fairall 272,,125.7546,-4.9349,46.43,41.25,51.81,0.0,1.69,1.54,1.84,1.3,0.02182,43.70032,0,5,Sy2
SWIFT J0830.1+4154,127.45827,41.902603,6.110195,2MASX J08294266+4154366,,127.42775,41.910194,13.03,9.11,17.44,4.597705E-18,1.94,1.53,2.41,0.5,0.126327,44.736984,0,4,Sy1
SWIFT J0830.4-6723,127.60641,-67.38126,4.881771,2MASX J08301655-6725289,,127.56892,-67.42475,7.97,5.02,11.43,0.0,2.33,1.8,3.03,0.5,0.034761,43.347813,0,5,Sy1.8
SWIFT J0832.5+3703,128.15588,37.130817,8.775165,FBQS J083225.3+370736,,128.106,37.127,16.5,12.49,20.96,0.0,2.04,1.7,2.43,0.6,0.09191,44.543465,0,4,Sy1.2
SWIFT J0843.5+3551,130.90866,35.862335,5.649402,2MASX J08434495+3549421,,130.93747,35.82833,10.74,7.02,15.03,0.0,1.99,1.53,2.55,0.8,0.053954,43.871326,0,5,Sy2
SWIFT J0845.0-3531,131.32188,-35.468185,6.4748898,1RXS J084521.7-353048,,131.3404,-35.5133,12.76,9.02,16.98,0.0,2.03,1.63,2.48,0.6,0.137,44.804287,0,8,QSO Sy1.2
SWIFT J0845.3+1420,131.3448,14.344151,8.860143,2MASX J08451850+1420345,IRAS F08425+1431,131.3272,14.3428,19.91,15.36,24.88,0.0,1.99,1.68,2.34,0.8,0.060631,44.24487,0,5,Sy1.9
SWIFT J0855.6+6425,133.83173,64.41107,8.650684,MCG +11-11-032,,133.80234,64.39594,17.71,13.93,21.81,0.0,1.83,1.54,2.13,1.4,0.036,43.725784,0,5,Sy2
SWIFT J0856.0+7812,134.0026,78.19399,6.629824,NGC 2655,,133.90721,78.22308,13.44,9.72,17.54,0.0,1.76,1.4,2.15,0.9,0.00467,41.811523,0,5,Sy2
SWIFT J0902.0+6007,135.62068,60.10706,5.519849,Mrk 18,,135.493,60.152,12.21,8.07,16.86,0.0,1.57,1.1,2.08,1.8,0.01109,42.52534,0,5,Sy2
SWIFT J0902.7-4814,135.67834,-48.227222,13.11442,2MASX J09023729-4813339,IGR J09026-4812,135.6555,-48.2261,29.41,25.37,33.66,0.0,1.9,1.72,2.1,0.7,0.0391,44.019783,0,4,Sy1
SWIFT J0902.8-7414,135.86359,-74.239975,4.9462767,2MASX J09034285-7414170,,135.92871,-74.23811,12.87,8.58,17.68,0.0,1.5,1.01,2.0,0.7,0.091016,44.42654,0,5,Sy2
SWIFT J0904.3+5538,136.16443,55.595814,7.9197116,2MASX J09043699+5536025,,136.154,55.6008,15.2,11.47,19.33,0.0,1.93,1.6,2.31,1.1,0.037,43.683846,0,4,Sy1
SWIFT J0911.2+4533,137.90442,45.489216,9.326592,2MASX J09112999+4528060,,137.8749,45.4683,16.0,12.64,19.7,0.0,2.18,1.88,2.51,0.6,0.02678,43.418774,0,5,Sy2
SWIFT J0917.2-6221,139.02448,-62.339725,17.624533,IRAS 09149-6206,,139.0392,-62.3249,31.8,28.27,35.5,0.0,2.23,2.06,2.4,0.6,0.0573,44.397087,0,4,Sy1
SWIFT J0918.5+1618,139.63179,16.286604,16.611956,Mrk 704,,139.6084,16.3053,33.09,28.98,37.41,0.0,2.09,1.92,2.27,0.9,0.02923,43.81197,0,4,Sy1.5
SWIFT J0919.2+5528,139.9125,55.403362,4.91108,SBS 0915+556,,139.80496,55.465286,8.13,4.9,11.95,1.173533E-13,1.96,1.44,2.56,1.3,0.0494,43.67098,0,5,Sy2
SWIFT J0920.1+3712,140.03741,37.207554,10.753802,IC 2461,,139.992,37.191,19.91,16.15,23.97,0.0,2.03,1.78,2.31,0.3,0.00754,42.40022,0,5,Sy1.9
SWIFT J0920.8-0805,140.17664,-8.063535,19.355131,MCG -01-24-012,,140.1927,-8.0561,40.82,36.7,45.1,0.0,2.17,2.03,2.32,1.8,0.01964,43.551544,0,5,Sy2
SWIFT J0923.7+2255,140.94696,22.925064,17.384823,MCG +04-22-042,,140.9292,22.909,39.86,35.5,44.38,5.3835016E-8,1.84,1.7,1.99,0.6,0.03235,43.98291,0,4,Sy1.2
SWIFT J0925.2-8423,141.26329,-84.37884,5.5443087,2MASX J09261742-8421330,,141.57355,-84.35931,8.83,5.67,12.67,0.0,2.37,1.78,3.13,1.1,0.063237,43.929916,0,5,Sy2
SWIFT J0925.0+5218,141.29477,52.27384,32.068348,Mrk 110,,141.3036,52.2863,57.17,53.59,60.85,0.0,2.03,1.94,2.11,1.5,0.03529,44.216976,0,4,Sy1
SWIFT J0926.1+6931,141.52106,69.50917,6.166842,2MASX J09254750+6927532,,141.4481,69.4648,9.23,6.18,12.84,0.0,2.21,1.73,2.8,0.4,0.039,43.514202,0,4,Sy1
SWIFT J0927.3+2301,141.89917,23.00689,5.3317122,NGC 2885,,141.82712,23.020103,15.91,10.98,21.3,6.4534E-7,1.4,0.96,1.86,0.9,0.026315,43.40081,0,4,Sy1
SWIFT J0929.7+6232,142.42686,62.520157,5.4576874,CGCG 312-012,,142.40775,62.544037,9.04,5.9,12.67,2.0048017E-9,1.99,1.52,2.55,0.6,0.025611,43.131298,0,5,Sy2
SWIFT J0934.7-2156,143.66812,-21.932007,5.776457,ESO 565- G 019,,143.6815,-21.927807,20.68,15.1,26.73,0.0,1.37,0.97,1.76,0.3,0.016285,43.091316,0,5,Sy2
SWIFT J0935.5+2616,143.86624,26.265934,7.1771975,2MASX J09352707+2617093,,143.8629,26.28603,13.27,9.74,17.19,0.0,2.17,1.82,2.6,0.7,0.12225,44.714123,0,4,Sy1
SWIFT J0935.9+6120,143.98283,61.334934,4.826043,MCG +10-14-025,,143.96521,61.353138,7.83,4.84,11.36,0.0,2.1,1.57,2.75,0.5,0.039367,43.45113,0,4,Sy1.5/LINER/LIRG
SWIFT J0936.2-6553,144.01053,-65.83097,5.747003,2MASX J09360622-6548336,,144.02605,-65.80928,12.97,9.22,17.14,0.0,1.81,1.44,2.22,1.2,0.03922,43.666965,0,5,Sy1.8
SWIFT J0942.2+2344,145.55452,23.728792,5.1961637,CGCG 122-055,,145.51996,23.685263,13.76,9.33,18.6,0.0,1.51,1.09,1.96,2.0,0.021371,43.153786,0,4,Sy1
SWIFT J0945.6-1420,146.44775,-14.302179,10.745416,NGC 2992,,146.4252,-14.3264,26.89,22.13,31.96,0.0,1.94,1.71,2.19,0.3,0.00771,42.550217,0,5,Sy2
SWIFT J0947.6-3057,146.93425,-30.938202,97.74486,MCG -05-23-016,,146.9173,-30.9489,201.3,197.09,205.52,0.0,2.16,2.13,2.19,19.3,0.00849,43.508698,0,5,Sy2
SWIFT J0951.9-0649,147.97348,-6.8277144,7.090046,NGC 3035,,147.9793,-6.8229,19.32,14.58,24.5,0.0,1.76,1.44,2.11,0.7,0.0145,42.95976,0,4,Sy1Sy2
SWIFT J0952.3-6234,148.06905,-62.57467,7.6674705,IGR J09523-6231,CXO J095220.1-623234,148.084,-62.543,15.92,12.13,20.05,0.0,1.94,1.61,2.3,1.1,0.252,45.488586,0,8,Sy1.9
SWIFT J0959.5-2248,149.85788,-22.847132,30.410892,NGC 3081,,149.8731,-22.8263,83.17,78.06,88.38,0.0,1.77,1.7,1.86,2.6,0.00796,43.068478,0,5,Sy2
SWIFT J0959.9+1303,149.89853,13.033812,4.883199,NGC 3080,,149.98265,13.043821,5.89,2.69,10.2,0.0,2.38,1.49,3.84,0.6,0.035428,43.233402,0,4,Sy1
SWIFT J0959.7-3112,149.94875,-31.215513,8.068105,2MASX J09594263-3112581,1RXS J095942.1-311300,149.9277,-31.216223,17.24,13.12,21.77,0.0,2.11,1.78,2.49,0.4,0.037,43.738537,0,4,Sy1
SWIFT J1001.7+5543,150.5027,55.65099,17.234837,NGC 3079,,150.4908,55.6798,33.03,29.34,36.85,0.0,1.73,1.59,1.87,3.9,0.00372,42.00385,0,5,Sy2
SWIFT J1003.4-3726,150.81209,-37.399155,5.092526,ESO 374- G 025,,150.84837,-37.395863,10.51,6.69,14.98,0.0,2.13,1.62,2.77,1.3,0.023673,43.12713,0,4,Sy1
SWIFT J1005.9-2305,151.49956,-23.063929,5.728794,ESO 499- G 041,,151.48071,-23.056944,14.63,9.94,19.9,0.0,1.94,1.5,2.46,0.5,0.012772,42.72764,0,4,Sy1.5
SWIFT J1008.6-0955,152.2103,-9.917586,4.9321885,2MASX J10084862-0954510,,152.2025,-9.9142,13.26,8.49,18.74,0.0,1.81,1.31,2.39,1.2,0.057253,44.016464,0,5,Sy1.8
SWIFT J1009.3-4250,152.44351,-42.811466,14.3012295,ESO 263- G 013,,152.4509,-42.8112,35.35,30.72,40.19,0.0,1.79,1.62,1.97,1.4,0.03329,43.95624,0,5,Sy2
SWIFT J1010.1-5747,152.75249,-57.824413,15.2036295,CD-57 3057,IGR J10109-5746,152.7623,-57.8039,22.18,19.52,25.02,0.0038338134,2.95,2.72,3.21,1.0,0.0,-Infinity,0,12,Symb/WD
SWIFT J1013.5-3601,153.32008,-35.967747,6.9398274,ESO 374- G 044,,153.333,-35.9827,20.07,14.98,25.59,0.0,1.54,1.19,1.91,0.2,0.02845,43.570824,0,5,Sy2
SWIFT J1021.7-0327,155.41106,-3.4851196,8.234705,ARK 241,,155.41766,-3.453889,20.41,15.35,25.93,1.0956257E-8,1.81,1.46,2.2,1.1,0.040845,43.90016,0,4,Sy1
SWIFT J1023.5+1952,155.89842,19.850544,58.286705,NGC 3227,,155.8774,19.8651,109.94,106.02,113.92,0.0,2.01,1.96,2.06,4.7,0.00386,42.55828,0,4,Sy1.5
SWIFT J1029.8-3821,157.36763,-38.368313,5.0066056,ESO 317- G 038,,157.44005,-38.348557,12.15,7.54,17.4,0.0,1.7,1.17,2.28,0.9,0.01515,42.796844,0,5,Sy2
SWIFT J1031.9-1418,157.97112,-14.29364,14.547167,2MASSi J1031543-141651,QSO B1029-140,157.9763,-14.2809,32.52,28.26,37.01,0.0,2.12,1.94,2.31,1.9,0.086,44.776905,0,4,Sy1
SWIFT J1038.8-4942,159.71141,-49.75572,10.401047,2MASX J10384520-4946531,,159.6883,-49.7816,26.21,21.74,30.93,0.0,1.77,1.55,2.01,1.0,0.06,44.35479,0,4,Sy1
SWIFT J1040.7-4619,160.08673,-46.40829,11.00124,2MASX J10402231-4625264,,160.09393,-46.423798,24.93,20.7,29.44,0.0,1.99,1.76,2.24,0.8,0.02,43.353405,0,5,Sy2
SWIFT J1042.4+0046,160.61127,0.7362433,4.960178,SDSS J104208.36+004206.1,,160.5349,0.7017,12.15,7.4,17.58,0.0,1.64,1.09,2.26,0.2,0.0952,44.44304,0,5,Sy2
SWIFT J1043.4+1105,160.85237,11.067741,5.9802995,SDSS J104326.47+110524.2,,160.8603,11.090075,14.17,9.73,19.14,0.0,1.64,1.21,2.1,0.6,0.04758,43.87851,0,4,Sy1
SWIFT J1044.1+7024,161.05426,70.39448,7.355911,MCG +12-10-067,CGCG 333-049,161.03558,70.40536,12.88,9.59,16.51,0.0,1.91,1.58,2.27,1.8,0.033577,43.52541,0,5,Sy2
SWIFT J1044.8+3812,161.23218,38.155025,5.623045,MCG +06-24-008,,161.20404,38.181004,13.98,9.69,18.67,0.0,1.42,0.99,1.86,0.7,0.025881,43.32992,0,5,Sy1.9
SWIFT J1046.8+2556,161.67252,25.95588,10.4475,UGC 05881,,161.677,25.9313,19.31,15.51,23.4,0.0,1.92,1.66,2.21,0.5,0.02052,43.265102,0,5,Sy2
SWIFT J1048.4-2511,162.10469,-25.180346,8.953994,NGC 3393,,162.09775,-25.162056,25.98,20.75,31.57,0.0,1.6,1.34,1.87,1.8,0.012509,42.958786,0,5,Sy2
SWIFT J1049.4+2258,162.383,22.995594,16.082455,Mrk 417,SWIFT J1049.4+2258,162.3789,22.9644,32.4,28.42,36.54,0.0,1.78,1.62,1.94,1.1,0.03276,43.904118,0,5,Sy2
SWIFT J1051.2-1704A,162.80997,-17.05092,7.8191857,NGC 3431,,162.81267,-17.008028,22.43,0.0,0.0,0.2783305,1.23,0.0,0.0,1.7,0.017522,43.190998,0,5,Sy2
SWIFT J1052.8+1043,163.16682,10.632148,7.1308107,2MASX J10523297+1036205,,163.137,10.606,16.49,11.72,21.78,0.0,1.67,1.25,2.12,0.4,0.08783,44.50135,0,4,Sy1
SWIFT J1059.8+6507,164.96443,65.11597,6.220688,2MASX J10594361+6504063,,164.93153,65.06841,11.48,8.04,15.29,0.0,1.69,1.29,2.12,1.1,0.083627,44.29898,0,5,Sy2
SWIFT J1100.9+1104,165.23,11.062281,5.128877,Mrk 728,,165.25742,11.04692,13.72,8.77,19.34,0.0,1.48,0.93,2.03,0.4,0.035645,43.606083,0,5,Sy1.9
SWIFT J1103.4+3731,165.86089,37.48022,5.473171,FBQS J110340.2+372925,,165.9178,37.490376,9.49,5.9,13.62,8.634786E-6,1.75,1.22,2.35,0.5,0.073875,44.102753,0,4,Sy1
SWIFT J1105.7+5854A,166.4476,58.913143,5.592321,CGCG 291-028,,166.4959,58.946,5.89,0.0,0.0,0.5430386,2.21,0.0,0.0,1.2,0.047662,43.498802,0,5,Sy2
SWIFT J1106.5+7234,166.66116,72.5773,64.64397,NGC 3516,,166.6979,72.5686,118.34,114.74,121.98,0.0,1.88,1.84,1.92,11.1,0.00884,43.313305,0,4,Sy1.5
SWIFT J1110.6-2832,167.70322,-28.535152,4.8531575,ESO 438- G 009,,167.7,-28.5011,6.71,3.88,10.46,0.0,2.95,2.14,4.19,0.4,0.024013,42.944855,0,4,Sy1
SWIFT J1113.6+0936,168.45197,9.528228,6.0520506,IC 2637,,168.457,9.586,12.39,8.35,17.03,0.0,1.93,1.48,2.44,0.7,0.02923,43.385345,0,4,Sy1.5
SWIFT J1115.3+5423,168.82947,54.41627,5.553955,MCG +09-19-015 NED02,SDSS J111519.98+542316.6,168.8333,54.388,9.27,6.05,12.95,0.0,1.87,1.39,2.41,0.4,0.0703,44.047314,0,5,Sy2
SWIFT J1120.8-4316,170.1782,-43.29127,7.052979,ESO 265- G 023,,170.20004,-43.264,15.41,11.05,20.32,0.0,2.07,1.66,2.56,0.2,0.056,44.061726,0,4,Sy1
SWIFT J1125.6+5423,171.34946,54.38249,11.998401,ARP 151,,171.4007,54.382504,19.57,16.37,22.99,0.0,2.0,1.78,2.24,0.2,0.021091,43.29512,0,4,Sy1
SWIFT J1126.7+3514,171.62279,35.209892,5.154274,Mrk 423,,171.7021,35.25086,9.75,6.19,13.83,0.0,1.75,1.23,2.33,0.3,0.032268,43.369118,0,5,Sy1.9
SWIFT J1127.5+1906,171.86102,19.160063,8.684079,2MASX J11271632+1909198,1RXS J112716.6+190914,171.8178,19.1556,15.61,11.66,20.01,0.0,1.95,1.59,2.35,0.5,0.1055,44.647095,0,5,Sy1.8
SWIFT J1132.9+1019A,173.19865,10.263343,7.852934,IC 2921,,173.20532,10.296471,15.64,0.0,0.0,0.08234736,2.0,0.0,0.0,3.8,0.043669,43.844414,0,4,Sy1
SWIFT J1136.0+2132,174.14983,21.581882,8.719862,Mrk 739E,,174.122,21.596,13.19,10.14,16.57,1.0553755E-15,2.35,2.02,2.75,1.0,0.02985,43.43115,0,4,Sy1
SWIFT J1136.7-6007,174.16953,-60.11524,8.430398,2MASX J11364205-6003070,IGR J11366-6002,174.1752,-60.0519,20.69,16.34,25.38,0.0,1.96,1.67,2.29,1.0,0.014,42.958702,0,5,Sy2/LINER
SWIFT J1138.9+2529A,174.7227,25.487001,5.93365,2MASX J11383367+2523532,,174.6405,25.3981,8.94,0.0,0.0,0.15298219,1.85,0.0,0.0,1.7,0.025356,43.11761,0,5,Sy2
SWIFT J1138.9+2529B,174.7227,25.487001,5.93365,SDSS J113915.13+253557.9,,174.8131,25.5994,5.63,0.0,0.0,0.2220368,2.33,0.0,0.0,0.8,0.2195,44.901505,0,8,Sy2
SWIFT J1139.1+5913,174.7323,59.199142,12.643379,SBS 1136+594,,174.787,59.199,20.72,17.48,24.18,4.068649E-9,2.02,1.8,2.25,1.1,0.0601,44.25422,0,4,Sy1.5
SWIFT J1139.0-2323,174.73854,-23.366417,6.0832777,HE 1136-2304,,174.71292,-23.36,16.61,11.47,22.38,0.0,1.76,1.33,2.22,1.0,0.027,43.442272,0,6,Sy
SWIFT J1139.0-3743,174.76135,-37.73647,72.62637,NGC 3783,,174.7572,-37.7386,181.11,176.29,185.98,0.0,1.97,1.94,2.01,6.7,0.00973,43.582027,0,4,Sy1
SWIFT J1141.3+2156,175.27829,21.922146,9.011851,PG 1138+222,,175.31734,21.939388,18.34,14.25,22.74,1.0128606E-15,1.67,1.37,1.99,0.4,0.0632,44.246822,0,4,Sy1
SWIFT J1142.2+1021,175.55186,10.344064,7.477991,NGC 3822,,175.5463,10.2778,13.79,9.85,18.24,0.0,2.04,1.64,2.51,0.3,0.0209,43.135067,0,5,Sy2
SWIFT J1144.1+3652,176.11058,36.877705,6.5995727,KUG 1141+371,,176.124,36.886,15.38,11.47,19.63,0.0,1.5,1.16,1.86,0.3,0.03806,43.71417,0,4,Sy1
SWIFT J1143.7+7942,176.174,79.67986,18.13537,UGC 06728,,176.3168,79.6815,27.2,24.04,30.52,0.0,2.18,2.02,2.35,1.6,0.00652,42.40879,0,4,Sy1.2
SWIFT J1145.6-1819,176.39668,-18.456255,21.32531,2MASX J11454045-1827149,,176.4186,-18.4543,53.26,48.37,58.32,0.0,1.99,1.87,2.12,1.3,0.03295,44.125122,0,4,Sy1
SWIFT J1148.3+0901,177.03831,9.0062475,6.8498697,2MASX J11475508+0902284,,176.9795,9.041347,11.85,8.3,15.89,7.689037E-7,2.19,1.78,2.71,1.8,0.068831,44.134716,0,4,Sy1.5
SWIFT J1149.3-0414,177.32193,-4.240784,5.6409135,2MASX J11491868-0416512,2E 1146.7-0400,177.32784,-4.280833,10.96,6.92,15.64,0.0,2.06,1.58,2.66,0.8,0.0845,44.28839,0,4,Sy1
SWIFT J1152.1-1122,178.0195,-11.390709,7.123826,PG 1149-110,,178.01477,-11.373423,15.21,10.97,20.0,0.0,2.22,1.82,2.7,0.3,0.049,43.935703,0,4,Sy1
SWIFT J1152.6-0512,178.17027,-5.1915255,6.1183743,MCG -01-30-041,SWIFT J1152.6-0512,178.159,-5.207,14.02,9.58,19.01,0.0,1.89,1.48,2.36,1.0,0.018816,43.049652,0,5,Sy1.8
SWIFT J1157.8+5529,179.52954,55.443073,9.4295845,NGC 3998,,179.4839,55.4536,14.84,11.64,18.36,0.0,2.04,1.73,2.38,0.4,0.00347,41.59578,0,4,Sy1 LINER
SWIFT J1200.8+0650,180.2411,6.8062887,10.291183,2MASX J12005792+0648226,CGCG 041-020,180.2413,6.8064,21.18,17.08,25.59,0.0,1.93,1.68,2.21,1.2,0.03604,43.80448,0,5,Sy2
SWIFT J1201.2-0341,180.30917,-3.6853056,5.5540743,Mrk 1310,,180.30981,-3.67808,11.32,7.52,15.61,0.0,2.1,1.68,2.62,3.6,0.019413,42.984272,0,4,Sy1
SWIFT J1203.0+4433,180.74925,44.523655,26.862577,NGC 4051,,180.7901,44.5313,39.54,36.68,42.49,0.0,2.28,2.18,2.39,4.3,0.00233,41.67467,0,4,Sy1.5
SWIFT J1204.5+2019,181.12465,20.306164,12.783357,ARK 347,,181.1237,20.3162,29.48,25.24,33.93,0.0,1.65,1.46,1.85,1.5,0.02244,43.52779,0,5,Sy2
SWIFT J1204.8+2758,181.20045,27.96064,6.261595,GQ Com,PG1202+281,181.17545,27.903284,10.38,7.22,13.98,0.0,2.08,1.65,2.57,1.0,0.1653,44.893085,0,4,Sy1.2
SWIFT J1204.9+3105,181.24861,31.182484,5.7222223,UGC 07064,,181.18057,31.17728,13.27,9.16,17.85,0.0,1.44,0.97,1.9,0.7,0.024997,43.276524,0,5,Sy1.9
SWIFT J1205.8+4959,181.47943,49.98523,5.251078,2MASX J12055599+4959561,,181.4834,49.99896,10.33,6.85,14.3,0.0,1.63,1.15,2.12,2.3,0.063091,43.995956,0,5,Sy1.8
SWIFT J1207.5+3355,181.87299,33.837482,5.1047444,B2 1204+34,,181.887,33.878,14.56,10.28,19.23,0.0,1.2,0.75,1.62,0.4,0.07906,44.35069,0,5,Sy2
SWIFT J1209.5+4702,182.30164,47.04303,13.369848,Mrk 198,,182.3088,47.0583,22.22,18.95,25.68,0.0,1.97,1.77,2.19,0.6,0.02422,43.472466,0,5,Sy2
SWIFT J1210.1-4637,182.52089,-46.61426,4.8959937,2MASX J12100404-4636274,,182.51678,-46.607582,18.25,12.76,24.33,0.0,1.42,0.96,1.87,0.6,0.031532,43.620865,0,5,Sy1.8
SWIFT J1210.5+3924,182.67351,39.416824,300.63422,NGC 4151,,182.6357,39.4057,538.93,535.36,542.5,4.8294172E-15,1.83,1.82,1.83,67.8,0.00332,43.117397,0,4,Sy1.5
SWIFT J1210.7+3819,182.69197,38.30859,12.90935,KUG 1208+386,,182.684,38.336,20.69,17.55,24.03,2.5948015E-12,2.02,1.82,2.24,1.3,0.02279,43.38769,0,4,Sy1
SWIFT J1211.3-3935,182.81525,-39.56838,7.7345395,2MASX J12111425-3933268,,182.80946,-39.557446,21.74,16.74,27.18,0.0,1.8,1.48,2.14,1.0,0.06108,44.28974,0,5,Sy2
SWIFT J1213.1+3239A,183.27477,32.642258,7.0246663,CGCG 187-022,,183.2888,32.5964,11.65,0.0,0.0,0.22593223,1.76,0.0,0.0,1.2,0.024895,43.216362,0,5,Sy2
SWIFT J1213.9-0531,183.45834,-5.5177283,5.7597923,2MASX J12135456-0530193,,183.47742,-5.505417,11.79,7.63,16.7,0.0,2.15,1.65,2.81,0.9,0.066,44.094307,0,4,Sy1
SWIFT J1217.2-2611,184.23634,-26.235296,5.322056,ESO 505-IG 030,,184.238,-26.2093,13.84,9.19,19.02,0.0,1.93,1.5,2.43,1.8,0.039714,43.70635,0,5,Sy2/Sy2/Pair
SWIFT J1219.4+4720,184.72852,47.32007,12.269533,M 106,,184.7396,47.304,22.0,18.57,25.64,0.0,1.82,1.61,2.04,0.9,0.00149,41.031155,0,5,Sy1.9 LINER
SWIFT J1223.7+0238,185.84622,2.6792274,10.848946,Mrk 50,,185.8506,2.6791,22.62,18.4,27.17,1.3421909E-12,2.0,1.74,2.28,0.2,0.02343,43.450897,0,4,Sy1
SWIFT J1225.8+1240,186.45265,12.679107,122.32494,NGC 4388,,186.4448,12.6621,277.38,272.9,281.88,0.0,1.75,1.73,1.78,6.5,0.00842,43.64069,0,5,Sy2
SWIFT J1202.5+3332,186.48505,33.54628,14.37781,NGC 4395,,186.4538,33.5468,25.17,21.78,28.73,0.0,1.97,1.79,2.16,0.9,0.00106,40.793564,0,5,Sy1.9
SWIFT J1232.0-4802,187.95216,-47.98224,5.177164,2MASX J12313717-4758019,,187.9042,-47.9672,15.52,10.56,21.08,4.6616475E-14,1.72,1.25,2.22,0.4,0.027826,43.439503,0,4,Sy1
SWIFT J1232.1+2009,187.99936,20.158777,6.2350645,Mrk 771,,188.015,20.1581,13.45,9.58,17.73,0.0,1.71,1.34,2.12,1.2,0.06301,44.109413,0,4,Sy1
SWIFT J1232.0-4219,188.01236,-42.317005,5.4186335,1RXS J123212.3-421745,,188.05032,-42.298027,15.79,0.0,0.0,0.04963962,1.76,0.0,0.0,0.7,0.098,44.58366,0,4,Sy1
SWIFT J1234.7-6433,188.70102,-64.56734,41.936783,RT Cru,,188.7239,-64.5656,81.41,77.73,85.17,0.0,2.43,2.36,2.5,4.1,0.0,-Infinity,0,12,Symb/WD
SWIFT J1235.6-3954,188.87096,-39.89076,71.12656,NGC 4507,,188.9026,-39.9093,188.11,182.94,193.34,0.0,1.86,1.83,1.9,14.5,0.0118,43.767406,0,5,Sy2
SWIFT J1238.9-2720,189.73401,-27.308767,30.679146,ESO 506-G027,,189.7275,-27.3078,93.94,88.28,99.72,0.0,1.71,1.63,1.79,2.4,0.02502,44.12732,0,5,Sy2
SWIFT J1239.3-1611,189.78,-16.17164,14.356301,LEDA 170194,IGR J12392-1612,189.7762,-16.1797,41.15,35.73,46.82,0.0,1.76,1.58,1.94,1.4,0.03667,44.10838,0,5,Sy2
SWIFT J1239.6-0519,189.9222,-5.328865,35.326626,NGC 4593,,189.9143,-5.3443,88.05,83.14,93.04,0.0,1.84,1.76,1.91,2.3,0.009,43.200592,0,4,Sy1
SWIFT J1240.9-3331,190.13574,-33.603096,5.827077,ESO 381- G 007,,190.1956,-33.57,15.72,10.57,21.57,0.0,1.87,1.39,2.41,0.7,0.05503,44.054596,0,4,Sy1.5
SWIFT J1240.9+2735,190.19426,27.576664,5.1501684,KUG 1238+278A,,190.1934,27.565,7.13,4.44,10.38,0.0,2.47,1.88,3.3,1.0,0.0565,43.735043,0,5,Sy2
SWIFT J1241.6-5748,190.40363,-57.815746,15.868284,WKK 1263,,190.357,-57.834,46.66,41.69,51.81,1.061409E-14,1.77,1.62,1.92,0.3,0.02443,43.802303,0,4,Sy1.5
SWIFT J1248.2-5828,192.07947,-58.4327,4.9408646,2MASX J12475784-5829599,,191.991,-58.500057,9.56,5.61,14.35,1.1029729E-4,2.18,1.52,2.99,0.9,0.028,43.234596,0,5,Sy1.9
SWIFT J1252.3-1323,193.06613,-13.381309,6.1369114,NGC 4748,,193.05191,-13.414722,13.78,9.26,18.96,0.0,2.01,1.56,2.56,1.2,0.01463,42.82084,0,4,Sy1/NL
SWIFT J1255.0-2657,193.71771,-26.930151,5.9345365,6dF J1254564-265702,AM 1252-264,193.73479,-26.950527,16.11,11.16,21.65,0.0,1.92,1.49,2.41,1.4,0.059117,44.129997,0,5,Sy1.9
SWIFT J1300.1+1635,195.02153,16.57511,5.7947764,2MASX J13000533+1632151,,195.02231,16.537443,14.36,9.8,19.49,3.4031787E-6,1.53,1.06,2.02,0.6,0.08,44.355515,0,4,Sy1Sy2
SWIFT J1302.9+1620,195.72032,16.402815,9.739655,Mrk 783,,195.745,16.408,17.18,13.75,20.92,1.2850202E-6,2.19,1.92,2.5,0.5,0.0672,44.2742,0,4,Sy1.5
SWIFT J1303.8+5345,195.994,53.7962,18.863075,SBS 1301+540,,195.9978,53.7917,32.61,29.35,36.0,1.0858472E-17,1.93,1.79,2.06,0.8,0.02988,43.825146,0,4,Sy1
SWIFT J1304.3-1022,196.08266,-10.373998,9.218428,NGC 4939,,196.05995,-10.339611,24.85,19.81,30.27,0.010302468,1.76,1.48,2.05,1.5,0.010374,42.775505,0,5,Sy2
SWIFT J1305.4-4928,196.34119,-49.471508,79.30764,NGC 4945,,196.3645,-49.4682,284.86,279.16,290.61,0.0,1.47,1.44,1.5,62.9,0.00188,42.34557,0,5,Sy2
SWIFT J1305.4-1034,196.3469,-10.566673,5.44216,PKS 1302-102,,196.38756,-10.555396,13.21,0.0,0.0,0.02949873,2.01,0.0,0.0,1.1,0.2784,45.50636,0,8,Sy1.2/FSRQ
SWIFT J1306.4-4025A,196.66296,-40.40405,17.057749,ESO 323-077,,196.6089,-40.4146,33.06,0.0,0.0,0.21005015,2.14,0.0,0.0,3.8,0.01501,43.223415,0,4,Sy1.2
SWIFT J1310.9-5553,197.72209,-55.877014,8.685757,IGR J13109-5552,PMN J1310-5552,197.683,-55.863,32.55,26.8,38.61,4.946854E-5,1.39,1.13,1.65,0.6,0.104,44.952934,0,4,Sy1
SWIFT J1310.7+0834,197.75551,8.612797,5.2777395,2MASX J13105723+0837387,,197.7385,8.6273,10.34,6.62,14.65,0.0,1.99,1.5,2.57,2.0,0.0527,43.833637,0,5,Sy2
SWIFT J1313.1-1108,198.29959,-11.122312,6.6246686,II SZ 010,QSO B1310-108,198.27408,-11.128444,15.2,10.85,20.12,0.0,2.09,1.68,2.57,1.2,0.034,43.608482,0,4,Sy1
SWIFT J1313.6+3650A,198.40619,36.82624,5.3601623,RX J1313.8+3653,,198.45403,36.899433,6.36,0.0,0.0,0.06950454,2.1,0.0,0.0,0.6,0.066762,43.836685,0,4,Sy1.5
SWIFT J1313.6+3650B,198.40619,36.82624,5.3601623,NGC 5033,,198.365,36.593,5.52,0.0,0.0,0.084595725,2.29,0.0,0.0,0.8,0.002919,41.015724,0,5,Sy1.9
SWIFT J1315.8+4420,198.8527,44.399704,11.941006,UGC 08327 NED02,,198.822,44.4071,17.08,14.31,20.07,0.0,2.3,2.07,2.55,1.3,0.03655,43.723576,0,5,Sy2
SWIFT J1316.9-7155,199.27177,-71.90927,7.7646685,2MASX J13165424-7155270,1RXS J131651.8-715537,199.22617,-71.924194,16.35,12.57,20.5,0.0,2.15,1.82,2.53,0.8,0.0705,44.29634,0,2,Sy1
SWIFT J1325.4-4301,201.381,-43.025875,479.84882,Cen A,,201.3651,-43.0191,1388.99,1383.6,1394.4,0.0,1.85,1.85,1.86,3.3,0.00183,43.01019,0,5,Sy2
SWIFT J1331.2-2524,202.78745,-25.40237,4.868167,ESO 509- G 038,,202.80792,-25.402779,14.24,8.44,21.35,0.0,1.82,1.09,2.66,1.9,0.025971,43.340996,0,4,Sy1
SWIFT J1334.8-2328,203.70439,-23.460608,7.1980896,ESO 509-IG 066,,203.66516,-23.446527,18.18,13.2,23.73,0.0,1.98,1.57,2.43,0.5,0.034307,43.694237,0,5,Sy2
SWIFT J1336.0+0304,203.95984,2.9897008,7.088488,NGC 5231,,203.951,2.999,15.62,11.17,20.58,0.0,2.02,1.59,2.52,1.2,0.02176,43.224773,0,5,Sy2
SWIFT J1335.8-3416,203.9637,-34.294666,28.338634,MCG -06-30-015,,203.9741,-34.2956,63.33,59.01,67.8,1.2130909E-5,2.41,2.3,2.52,4.1,0.00775,42.926758,0,4,Sy1.2
SWIFT J1341.2-1439,205.2762,-14.638103,9.296771,2MASX J13411287-1438407,1RXS J134112.5-143836,205.30377,-14.644605,24.07,19.52,29.0,0.0,2.11,1.84,2.4,1.4,0.04179,43.992264,0,4,Sy1
SWIFT J1341.5+6742,205.28532,67.71004,5.198686,NGC 5283,,205.274,67.6723,8.9,5.68,12.61,0.0,1.94,1.44,2.54,0.1,0.0104,42.33176,0,5,Sy2
SWIFT J1341.2+3023,205.33427,30.358381,10.980219,Mrk 268,,205.2964,30.378122,19.36,16.13,22.81,2.976309E-9,2.05,1.83,2.3,1.2,0.039861,43.85542,0,5,Sy2 Galaxy pair
SWIFT J1344.7+1934,206.0897,19.552364,7.8993587,CGCG 102-048,,206.0653,19.5667,19.51,15.02,24.35,3.0207E-4,1.61,1.28,1.96,0.7,0.0269,43.508873,0,5,Sy1.9
SWIFT J1345.5+4139,206.3267,41.70507,8.856479,NGC 5290,,206.32991,41.71258,19.17,15.41,23.19,0.0,1.69,1.42,1.98,0.6,0.008583,42.496998,0,5,Sy2
SWIFT J1346.4+1924,206.60355,19.406422,6.681395,2MASX J13462846+1922432,,206.61841,19.378675,10.84,7.65,14.48,4.3693391E-4,2.39,1.95,2.96,1.2,0.084,44.278156,0,4,Sy1
SWIFT J1347.1+7325,206.71909,73.429474,5.1294413,2MASSi J1346085+732053,,206.53511,73.34804,6.0,3.48,9.17,0.0,2.6,1.91,3.72,0.2,0.29,45.204327,0,8,Sy1/QSO
SWIFT J1347.4-6033,206.88843,-60.58842,42.293037,4U 1344-60,,206.9,-60.6178,107.52,102.89,112.21,0.0,1.98,1.92,2.04,3.0,0.01288,43.60127,0,4,Sy1.5
SWIFT J1349.3-3018,207.32278,-30.326431,107.76962,IC 4329A,,207.3303,-30.3094,290.49,285.42,295.59,0.0,2.04,2.02,2.07,21.6,0.01605,44.226116,0,4,Sy1.2
SWIFT J1349.7+0209,207.4447,2.099139,7.313268,UM 614,,207.4701,2.0791,16.18,11.79,21.12,8.522594E-6,1.96,1.57,2.41,0.5,0.0327,43.60092,0,4,Sy1
SWIFT J1351.5-1814,207.90002,-18.233362,7.894632,2MASX J13512953-1813468,,207.8729,-18.2297,17.88,13.25,23.03,0.0,2.2,1.8,2.67,0.5,0.012218,42.775875,0,4,Sy1 (NL)
SWIFT J1352.8+6917,208.28845,69.31297,21.910461,Mrk 279,,208.2644,69.3082,39.2,35.73,42.78,0.0,1.88,1.77,2.0,1.5,0.03045,43.921864,0,4,Sy1.5
SWIFT J1354.5+1326,208.67744,13.402708,5.5515976,2MASX J13542913+1328068,,208.6216,13.4687,9.93,6.26,14.23,0.0,2.02,1.49,2.67,0.6,0.0633,43.981808,0,5,Sy2 pair
SWIFT J1355.9+1822,208.98433,18.370996,5.3872895,Mrk 463,,209.01196,18.372078,10.98,7.57,14.85,0.0,2.02,1.62,2.48,1.9,0.050355,43.818718,0,4,Sy1Sy2/MERGER/Sy2
SWIFT J1356.6-1932,209.16673,-19.498209,7.23128,ESO 578- G 009,,209.1529,-19.5292,16.9,12.28,22.07,0.0,2.2,1.78,2.71,1.6,0.035021,43.680878,0,4,Sy1
SWIFT J1408.1-3024,212.03003,-30.415186,6.7472258,2MASX J14080674-3023537,,212.02821,-30.398277,17.19,12.82,22.09,0.0,2.26,1.87,2.7,0.7,0.023547,43.336082,0,4,Sy1.4
SWIFT J1410.9-4229,212.69952,-42.48319,5.743139,2MASX J14104482-4228325,,212.6868,-42.4758,12.09,8.31,16.56,0.0,2.6,2.04,3.34,0.2,0.03394,43.507492,0,5,Sy2
SWIFT J1413.2-0312,213.30783,-3.2361858,99.5052,NGC 5506,,213.3119,-3.2075,241.03,236.45,245.64,0.0,2.08,2.05,2.11,39.4,0.00618,43.309547,0,5,Sy1.9
SWIFT J1417.9+2507,214.4967,25.127432,37.48472,NGC 5548,,214.4981,25.1368,78.64,74.78,82.61,1.25990255E-5,1.86,1.8,1.93,1.5,0.01717,43.717953,0,4,Sy1.5
SWIFT J1424.2+2435,216.10919,24.61809,9.769552,NGC 5610,,216.09541,24.614445,19.21,15.69,22.98,0.0,1.97,1.72,2.23,1.5,0.016888,43.09127,0,5,Sy2
SWIFT J1427.5+1949,216.86664,19.819748,6.459307,Mrk 813,,216.854,19.831,13.28,9.69,17.27,0.0,2.0,1.63,2.42,1.4,0.1105,44.619987,0,4,Sy1
SWIFT J1429.2+0118,217.30133,1.302974,7.8434,Mrk 1383,,217.27745,1.2851324,17.77,13.39,22.62,0.0,2.13,1.75,2.56,0.2,0.08647,44.519455,0,4,Sy1
SWIFT J1431.2+2816,217.77327,28.305586,4.800475,Mrk 684,,217.77,28.2873,10.64,6.73,15.13,0.0,1.74,1.19,2.37,0.6,0.046079,43.725296,0,4,Sy1
SWIFT J1432.8-4412,218.19269,-44.207256,5.396873,NGC 5643,,218.16992,-44.17461,17.9,12.56,23.82,0.0,1.7,1.26,2.17,0.4,0.003999,41.800797,0,5,Sy2
SWIFT J1433.9+0528,218.4878,5.463258,6.5702114,NGC 5674,,218.46768,5.4582357,15.97,11.72,20.7,0.0,2.04,1.65,2.49,0.2,0.024931,43.354618,0,5,Sy1.9
SWIFT J1434.9+4837,218.73021,48.657707,7.793733,NGC 5683,Mrk 474,218.71854,48.661915,12.27,9.34,15.5,0.0,2.16,1.83,2.54,1.2,0.036222,43.57189,0,4,Sy1
SWIFT J1436.4+5846,219.0677,58.8086,16.373327,Mrk 817,,219.092,58.7943,25.91,22.78,29.19,0.0,2.01,1.85,2.18,2.2,0.03145,43.770756,0,4,Sy1.5
SWIFT J1439.2+1417,219.78537,14.301971,6.37051,2MASX J14391186+1415215,,219.7995,14.2561,15.19,10.16,20.95,0.0,1.66,1.11,2.25,1.9,0.0714,44.275948,0,4,Sy1
SWIFT J1441.4+5341,220.1557,53.4948,8.328337,Mrk 477,,220.1587,53.504417,14.4,11.11,17.98,0.0,1.9,1.59,2.24,1.1,0.037726,43.677704,0,4,Sy1
SWIFT J1442.5-1715,220.6126,-17.270372,24.34263,NGC 5728,,220.5997,-17.2532,88.63,82.56,94.84,0.0,1.76,1.66,1.86,1.8,0.0093,43.23212,0,5,Sy2
SWIFT J1445.6+2702,221.42218,27.043703,5.0784616,CGCG 164-019,,221.4035,27.0348,13.67,9.43,18.33,0.0,1.4,0.97,1.82,1.6,0.029897,43.44807,0,5,Sy1.9
SWIFT J1446.7-6416,221.66373,-64.270164,4.915002,IGR J14471-6414,,221.6167,-64.2333,14.42,9.75,19.54,1.8909877E-5,1.7,1.25,2.19,1.0,0.053,43.9832,0,4,Sy1.2
SWIFT J1451.0-5540A,222.86493,-55.674603,14.651063,WKK 4374,,222.8881,-55.6773,40.84,0.0,0.0,0.04109471,1.87,0.0,0.0,1.3,0.018,43.474945,0,5,Sy2
SWIFT J1453.3+2558,223.28911,25.896938,11.470924,2MASX J14530794+2554327,,223.2833,25.9091,24.01,20.09,28.17,0.0,1.81,1.59,2.05,0.7,0.049,44.13397,0,4,Sy1
SWIFT J1454.9-5133,223.83098,-51.59125,8.887127,WKK 4438,,223.823,-51.571,21.51,17.18,26.22,0.0,2.22,1.91,2.57,2.0,0.016,43.092884,0,4,Sy1 NL
SWIFT J1457.8-4308,224.4374,-43.14005,11.179227,IC 4518A,,224.4216,-43.1321,27.75,23.49,32.31,0.0,2.35,2.11,2.62,0.9,0.01626,43.217678,0,5,Sy2
SWIFT J1458.9+7143,224.7308,71.71878,4.970444,3C 309.1,,224.7816,71.67219,9.37,5.78,13.45,0.0,1.65,1.12,2.22,0.7,0.905,46.58265,0,8,Sy1.5
SWIFT J1506.7+0353A,226.55864,3.7540655,8.310796,Mrk 1392,,226.486,3.707,19.01,0.0,0.0,0.15073974,1.74,0.0,0.0,1.5,0.03613,43.75976,0,4,Sy1
SWIFT J1506.7+0353B,226.55864,3.7540655,8.310796,2MASX J15064412+0351444,,226.684,3.862,15.67,0.0,0.0,0.16563988,1.83,0.0,0.0,2.2,0.0377,43.713795,0,5,Sy2
SWIFT J1508.8-0013,227.20752,-0.22124703,5.9840727,Mrk 1393,,227.2248,-0.196956,19.53,14.19,25.43,0.0,1.74,1.33,2.17,1.1,0.054348,44.13759,0,4,Sy1.5
SWIFT J1513.8-8125,228.64024,-81.36187,12.349502,2MASX J15144217-8123377,,228.6751,-81.3939,29.85,25.63,34.25,0.0,1.82,1.62,2.02,0.6,0.06837,44.529827,0,4,Sy1.2
SWIFT J1515.0+4205,228.78763,42.053192,10.526053,NGC 5899,,228.7635,42.0499,20.08,16.54,23.86,0.0,1.91,1.67,2.16,0.7,0.00855,42.513775,0,5,Sy2
SWIFT J1521.8+0334,230.42079,3.6135952,5.497879,2MASS J15213967+0337292,,230.4153,3.624806,15.38,10.7,20.66,0.0,2.05,1.57,2.58,0.9,0.1264,44.80954,0,4,Sy1
SWIFT J1523.5+6340,230.87123,63.67409,5.555814,4C +63.22,,230.94112,63.656734,8.32,5.5,11.52,0.0,2.14,1.7,2.68,1.2,0.204,44.99977,0,8,Sy1/BLRG
SWIFT J1530.0-1300,232.47437,-13.03414,4.958422,2MASX J15295830-1300397,,232.493,-13.011,15.49,10.45,21.21,0.0,2.23,1.68,2.89,0.0,0.103942,44.629917,0,4,Sy1
SWIFT J1533.2-0836,233.3506,-8.699161,9.582094,MCG -01-40-001,,233.3363,-8.7005,32.72,27.34,38.42,0.0,2.08,1.82,2.36,0.5,0.02271,43.58364,0,5,Sy2
SWIFT J1535.9+5751,233.99599,57.915596,13.677279,Mrk 290,,233.9682,57.9026,23.31,20.07,26.75,0.0,2.04,1.85,2.24,0.5,0.02958,43.67038,0,4,Sy1
SWIFT J1546.3+6928,236.58829,69.504326,6.790572,2MASX J15462424+6929102,,236.60138,69.48611,13.94,10.23,18.01,0.0,1.76,1.39,2.16,0.3,0.038,43.670067,0,5,Sy1.9
SWIFT J1548.5-1344,237.11105,-13.749621,11.852314,NGC 5995,,237.104,-13.7578,43.66,38.08,49.5,0.0,2.0,1.8,2.21,2.3,0.02519,43.800545,0,5,Sy2
SWIFT J1557.8-7913,239.44379,-79.22178,8.474568,PKS 1549-79,,239.24529,-79.23452,14.88,11.46,18.68,0.0,2.41,2.04,2.84,1.3,0.1501,44.95754,0,4,Sy1
SWIFT J1559.6+2554,239.893,25.911345,35.438107,T CrB,Nova CrB 1866/1946,239.8757,25.9202,63.88,60.58,67.27,0.0,2.5,2.42,2.59,4.9,0.0,-Infinity,0,12,Symb/WD
SWIFT J1607.2+4834,241.78174,48.57671,4.9504185,2MASX J16071388+4833266,,241.808,48.557297,13.46,8.93,18.55,0.0,1.29,0.72,1.81,2.6,0.124952,44.740807,0,4,Sy1
SWIFT J1607.4+8502,242.20071,84.99818,6.1925364,LEDA 100168,,241.849,85.03,13.3,9.34,17.65,4.416185E-5,1.67,1.26,2.12,0.4,0.183,45.098396,0,8,Sy1
SWIFT J1613.2-6043,243.03523,-60.639893,12.709428,WKK 6092,IGR J16119-6036,242.9642,-60.6319,32.15,27.58,36.98,1.4680719E-4,2.09,1.87,2.33,0.8,0.01564,43.24742,0,4,Sy1
SWIFT J1614.0+6544,243.50896,65.73894,7.1927013,Mrk 876,,243.48825,65.71933,12.37,9.08,16.07,0.0,2.14,1.75,2.59,0.4,0.129,44.734093,0,4,Sy1
SWIFT J1617.8+3223,244.45277,32.378685,8.932296,3C 332,,244.42719,32.37633,23.28,18.9,27.96,0.0,1.73,1.46,2.0,0.9,0.151019,45.15772,0,8,Sy1
SWIFT J1618.7-5930,244.6785,-59.505096,6.482907,WKK 6471,IGR J16185-5928,244.65184,-59.454823,21.36,16.15,26.99,0.0,1.63,1.27,2.01,0.8,0.035,43.78206,0,4,Sy1 NL
SWIFT J1619.4-2808,244.92088,-28.130491,11.896147,2MASS J16193334-2807397,IGR J16194-2810,244.889,-28.1277,32.11,27.96,36.47,0.0,2.59,2.36,2.83,3.3,0.0,-Infinity,0,15,Symb/NS
SWIFT J1621.2+8104,244.9753,81.06936,10.410066,CGCG 367-009,,244.8302,81.0465,22.71,18.86,26.79,0.0,1.77,1.54,2.01,0.6,0.0274,43.591152,0,5,Sy2
SWIFT J1626.7+8530,246.88927,85.53263,6.46074,VII Zw 653,2MASX J16252587+8529421,246.35805,85.49492,12.97,9.16,17.21,4.5662433E-5,1.87,1.46,2.35,0.4,0.0631,44.094925,0,4,Sy1.2
SWIFT J1628.1+5145,247.01274,51.774323,23.286346,Mrk 1498,,247.0169,51.7754,43.37,39.8,47.05,0.0,2.06,1.95,2.17,2.7,0.0547,44.489902,0,5,Sy1.9
SWIFT J1630.5+3925,247.63197,39.42481,5.6103883,2MASX J16303265+3923031,,247.63608,39.38421,12.84,8.97,17.15,0.0,1.75,1.35,2.19,1.3,0.030558,43.440285,0,5,Sy2
SWIFT J1631.7+2353,247.8645,23.906303,5.1929126,2MASX J16311554+2352577,,247.81468,23.882635,9.51,6.26,13.41,0.0,2.5,1.92,3.22,1.2,0.059001,43.899303,0,5,Sy2/three nucle1
SWIFT J1635.0-5804,248.75053,-58.07033,8.443382,ESO 137- G 034,IGR J16351-5806,248.807,-58.08,28.19,22.73,34.03,0.0,1.64,1.34,1.96,0.3,0.009,42.705956,0,5,Sy2
SWIFT J1648.0-3037,252.06947,-30.574114,13.963551,2MASX J16481523-3035037,,252.0635,-30.5845,45.69,40.53,51.07,0.0,1.98,1.8,2.17,0.2,0.031,44.0043,0,4,Sy1
SWIFT J1650.5+0434,252.66661,4.5788283,6.5619016,LEDA 214543,,252.6781,4.605,24.49,19.06,30.3,0.0,1.71,1.39,2.05,1.4,0.03206,43.76335,0,5,Sy2
SWIFT J1652.0-5915A,252.99881,-59.252052,11.334999,ESO 138- G 001,,252.8456,-59.2345,19.52,0.0,0.0,0.40806857,2.22,0.0,0.0,3.0,0.00914,42.55984,0,5,Sy2
SWIFT J1652.0-5915B,252.99881,-59.252052,11.334999,NGC 6221,,253.1925,-59.2173,20.16,0.0,0.0,0.43076184,1.98,0.0,0.0,3.3,0.005,42.047142,0,5,AGN/Starburst/Sy1/Sy2
SWIFT J1652.3+5554,253.0543,55.899063,8.500738,UGC 10593,,253.078,55.90553,15.15,11.68,18.98,0.0,2.14,1.81,2.51,0.4,0.02915,43.470253,0,5,Sy2
SWIFT J1652.9+0223,253.26727,2.4070694,18.823902,NGC 6240,,253.2454,2.4009,72.21,66.6,77.97,0.0,1.79,1.67,1.91,1.5,0.02448,43.993763,0,5,Sy2
SWIFT J1656.1-5200,254.01678,-52.041725,15.275153,1RXS J165605.6-520345,,254.0238,-52.0614,45.48,40.69,50.45,0.0,2.04,1.88,2.21,1.6,0.054,44.498913,0,4,Sy1.2
SWIFT J1708.6+2155,257.1761,21.89925,4.850805,2MASX J17085915+2153082,,257.2464,21.885586,10.1,5.33,15.59,0.0,2.09,1.35,3.41,1.4,0.07229,44.110012,0,4,Sy1/BLAGN
SWIFT J1717.1-6249,259.271,-62.81334,39.286434,NGC 6300,,259.2478,-62.8206,99.43,94.97,103.97,0.0,2.05,1.98,2.12,6.6,0.0037,42.477764,0,5,Sy2
SWIFT J1719.7+4900,259.85025,48.95875,9.949161,ARP 102B,,259.8104,48.9804,18.2,14.55,22.16,0.0,2.05,1.77,2.36,1.0,0.02417,43.383965,0,4,Sy1  LINER
SWIFT J1721.7+4316,260.4449,43.2315,5.619336,RBS 1640,V0767 Her,260.5083,43.256668,13.18,9.11,17.71,0.0,1.74,1.31,2.2,0.6,0.137,44.81835,0,7,Blazar / Sy1.5
SWIFT J1723.2+3418,260.8043,34.294567,9.235899,4C +34.47,[HB 89] 1721+343 NED02,260.83667,34.29944,18.8,15.1,22.83,0.0,2.17,1.89,2.47,1.4,0.206,45.36329,0,7,Blazar / Sy1
SWIFT J1723.5+3630,260.91522,36.489857,8.92679,2MASX J17232321+3630097,,260.8467,36.5028,20.08,15.89,24.63,0.0,1.95,1.65,2.28,1.0,0.04,43.87439,0,4,Sy1.5
SWIFT J1737.5-2908,264.36844,-29.147377,33.510822,AX J1737.4-2907,GRS 1734-292,264.36813,-29.134,115.86,111.06,120.74,1.3570333E-4,2.18,2.11,2.25,1.2,0.0214,44.0803,0,4,Sy1
SWIFT J1737.7-5956B,264.4748,-59.965527,8.115028,ESO 139- G 012,,264.41284,-59.940723,22.55,17.77,27.69,7.124325E-15,1.86,1.53,2.21,1.0,0.017018,43.167633,0,5,Sy2
SWIFT J1743.4+6253,265.89957,62.859024,5.430847,CGCG 300-062,,265.82248,62.839207,10.08,6.61,14.05,0.0,1.9,1.43,2.43,1.6,0.032999,43.403503,0,5,Sy2
SWIFT J1745.4+2906,266.44543,29.145552,8.802675,1RXS J174538.1+290823,,266.409,29.14,21.07,16.7,25.8,0.0,1.9,1.61,2.22,0.4,0.11057,44.821045,0,4,Sy1
SWIFT J1748.8-3257,267.19775,-32.949528,10.114255,2MASS J17485512-3254521,IGR J17488-3253,267.2297,-32.9145,36.66,31.6,41.96,0.0067711407,1.97,1.74,2.21,1.1,0.02,43.520878,0,4,Sy1
SWIFT J1800.3+6637,270.06857,66.61592,8.983374,NGC 6552,,270.03036,66.61508,19.19,15.25,23.42,0.0,1.72,1.45,2.0,0.3,0.026492,43.48815,0,5,Sy2
SWIFT J1802.8-1455,270.69183,-14.923895,11.285647,2MASXi J1802473-145454,IGR J18027-1455,270.697,-14.915,40.33,34.84,46.11,0.0013559889,1.9,1.69,2.13,0.2,0.036,44.083195,0,4,Sy1
SWIFT J1807.9+1124,271.94516,11.369268,6.2203975,2MASX J18074992+1120494,,271.958,11.347028,24.73,18.66,31.26,0.0,1.32,0.9,1.72,0.6,0.08,44.591583,0,4,Sy1
SWIFT J1816.0+4236,273.9869,42.614025,8.595144,UGC 11185 NED02,,274.04874,42.66083,19.22,15.09,23.69,0.0,1.79,1.51,2.1,2.2,0.041205,43.881924,0,5,Sy2 Galaxy pair
SWIFT J1822.0+6421,275.40207,64.3324,13.40338,H 1821+643,,275.4888,64.3434,18.85,15.83,22.12,0.0,2.43,2.19,2.71,0.2,0.297,45.72534,0,8,Sy1
SWIFT J1821.6+5953,275.41446,59.891068,5.559856,2MASX J18212680+5955209,,275.3619,59.9225,14.37,9.67,19.6,0.0,1.33,0.8,1.86,1.1,0.099,44.55214,0,4,Sy1
SWIFT J1824.3-5624,276.06476,-56.385838,15.540191,IC 4709,,276.0808,-56.3692,42.55,38.04,47.22,0.0,1.99,1.84,2.15,2.1,0.01691,43.437786,0,5,Sy2
SWIFT J1824.2+1845,276.08487,18.779102,6.7912455,2MASX J18241083+1846088,,276.04514,18.769083,18.25,13.5,23.51,0.0,1.88,1.47,2.31,0.8,0.067,44.29773,0,5,Sy2
SWIFT J1826.1-0710,276.51642,-7.169558,6.967285,1RXS J182557.5-071021,,276.4899,-7.173,20.96,16.42,25.9,0.0,2.27,1.91,2.66,0.5,0.037,43.82339,0,4,Sy1
SWIFT J1826.8+3254,276.6569,32.88064,7.5744147,2MASX J18263239+3251300,,276.635,32.858334,18.05,13.61,22.86,0.0,1.76,1.43,2.12,0.8,0.022,43.297253,0,5,Sy2
SWIFT J1829.4+4846,277.40482,48.781006,6.900885,3C 380,,277.382,48.746,18.22,13.77,23.04,0.0,1.55,1.2,1.9,1.6,0.692,46.58501,0,8,Sy1.5 LPQ
SWIFT J1830.8+0928,277.70905,9.475628,4.8019857,2MASX J18305065+0928414,,277.711,9.4783,3.11,0.94,6.58,0.005959244,3.97,1.82,0.0,0.3,0.019,42.404236,0,5,Sy2
SWIFT J1835.0+3240,278.76584,32.687798,38.07155,3C 382,,278.7641,32.6963,86.31,82.03,90.66,0.0,2.05,1.98,2.13,0.4,0.05787,44.839672,0,4,Sy1
SWIFT J1838.4-6524,279.56497,-65.434814,46.661324,ESO 103-035,,279.5848,-65.4276,111.73,107.55,115.98,0.0,2.13,2.08,2.19,11.3,0.01329,43.645435,0,5,Sy2
SWIFT J1844.5-6221,281.15756,-62.368206,16.196209,Fairall 51,,281.2249,-62.3648,40.36,36.16,44.74,0.0,2.09,1.94,2.24,4.4,0.01417,43.259487,0,4,Sy1
SWIFT J1845.4+7211,281.47333,72.21841,6.8150053,CGCG 341-006,,281.3593,72.1838,11.54,8.33,15.16,0.0,2.2,1.8,2.67,0.8,0.0463,43.764854,0,5,Sy2
SWIFT J1856.5-7851,283.48492,-78.903305,5.299632,ESO 025- G 002,,283.6679,-78.89839,10.96,7.09,15.31,0.018357081,1.93,1.43,2.53,0.9,0.028881,43.321426,0,4,Sy1
SWIFT J1856.1+1539,283.98065,15.633765,11.935023,2MASX J18560128+1538059,2E 1853.7+1534,284.0021,15.632,30.18,25.85,34.75,0.0,2.15,1.94,2.38,0.5,0.084,44.722847,0,4,Sy1
SWIFT J1856.6-5443,284.20502,-54.695892,5.7059026,2MASX J18564935-5442298,,284.2058,-54.7083,15.62,11.18,20.55,0.0,1.99,1.56,2.47,0.3,0.056329,44.072895,0,4,Sy1
SWIFT J1905.4+4231,286.34396,42.514606,5.9590054,CGCG 229-015,,286.3581,42.461014,11.14,7.52,15.2,0.0,2.03,1.59,2.53,1.0,0.027879,43.297184,0,4,Sy1
SWIFT J1913.3-5010,288.28357,-50.155163,5.048944,ESO 231- G 026,,288.3115,-50.18292,19.33,13.87,25.27,0.0,1.46,1.04,1.89,0.2,0.062543,44.260174,0,5,Sy2
SWIFT J1919.4-2958,289.8394,-29.965424,6.1211705,PKS 1916-300,,289.8667,-29.9694,15.46,11.44,19.96,0.0,2.53,2.09,3.08,0.6,0.16682,45.074856,0,8,Sy1.9
SWIFT J1921.1-5842,290.29007,-58.706604,21.568024,ESO 141- G 055,,290.309,-58.6703,54.42,50.04,58.92,0.0,2.06,1.95,2.18,2.7,0.036,44.21332,0,4,Sy1
SWIFT J1926.9+4140,291.66165,41.562473,6.989717,2MASX J19263018+4133053,,291.62582,41.55142,13.01,9.49,16.97,0.0,2.28,1.88,2.77,0.9,0.071,44.203545,0,5,Sy2
SWIFT J1930.5+3414,292.54993,34.19358,12.47296,2MASX J19301380+3410495,,292.5575,34.1805,27.44,23.34,31.75,0.0,1.96,1.76,2.17,1.1,0.0629,44.417492,0,4,Sy1
SWIFT J1933.9+3258,293.44147,32.93528,10.138068,2MASS J19334715+3254259,1RXS J193347.6+325422,293.4483,32.9061,20.98,17.03,25.25,0.0,2.12,1.85,2.41,0.9,0.05775,44.22354,0,4,Sy1.2 QSO
SWIFT J1937.5-0613,294.38123,-6.2230926,9.811699,2MASX J19373299-0613046,,294.388,-6.218,23.21,19.05,27.7,0.0,2.51,2.22,2.85,0.7,0.01025,42.73533,0,4,Sy1.5
SWIFT J1938.1-5108,294.5436,-51.172832,6.5383053,2MASX J19380437-5109497,,294.51828,-51.163776,15.05,11.12,19.44,1.649253E-14,2.3,1.9,2.78,0.3,0.040018,43.749565,0,4,Sy1.2
SWIFT J1940.4-3015,295.11063,-30.254208,7.2553835,IGR J19405-3016,2MASX J19401507-3015522,295.06287,-30.2644,21.63,16.85,26.79,0.0,2.04,1.71,2.38,0.8,0.052,44.14212,0,5,Sy2
SWIFT J1952.4+0237,298.05807,2.50204,10.263447,3C 403,,298.066,2.507,34.33,28.82,40.12,0.0,1.68,1.46,1.92,1.0,0.059,44.45678,0,5,Sy2
SWIFT J1959.4+4044,299.88043,40.733543,57.789413,Cygnus A,,299.8682,40.7339,137.65,133.36,142.04,0.0,1.92,1.88,1.97,3.4,0.05607,45.01383,0,8,Sy2
SWIFT J2001.0-1811,300.23944,-18.153698,6.9148216,2MASX J20005575-1810274,IRAS 19580-1818,300.23215,-18.174292,20.9,15.94,26.34,0.0,2.01,1.67,2.39,1.1,0.0373,43.829353,0,4,Sy1 merger
SWIFT J2006.5+5619,301.61487,56.34551,5.7522187,2MASX J20063331+5620364,,301.6389,56.3435,10.21,7.05,13.82,0.0,2.3,1.85,2.86,0.4,0.043,43.64537,0,5,Sy2
SWIFT J2007.0-3433,301.75287,-34.54413,7.405243,ESO 399-20,ESO 399-IG 020 NED02,301.738,-34.548,17.93,13.58,22.72,0.0,2.28,1.91,2.7,1.2,0.02495,43.405567,0,4,Sy1 GPAIR
SWIFT J2009.0-6103,302.24307,-61.083607,21.849304,NGC 6860,,302.1954,-61.1002,53.18,48.68,57.83,0.0,1.98,1.87,2.11,1.4,0.01488,43.42222,0,4,Sy1
SWIFT J2010.7+4801,302.65762,47.994053,5.286678,2MASX J20101740+4800214,,302.5725,48.005943,13.26,9.09,17.87,0.0,1.68,1.26,2.14,1.3,0.0255,43.293827,0,5,Sy2
SWIFT J2018.8+4041,304.6889,40.6707,11.851785,2MASX J20183871+4041003,IGR J20187+4041,304.6613,40.6834,28.47,24.39,32.76,0.0,1.91,1.71,2.11,1.9,0.0144,43.122063,0,5,Sy2
SWIFT J2021.9+4400,305.47586,44.00517,5.554632,2MASX J20214907+4400399,SWIFT J2021.7+4400,305.4544,44.011,13.72,9.76,18.14,0.0,1.81,1.42,2.22,1.5,0.017,42.950912,0,5,Sy2
SWIFT J2027.1-0220,306.78647,-2.3190842,5.441666,II Zw 083,,306.73282,-2.277535,12.59,8.34,17.56,4.9085315E-8,2.3,1.77,2.96,0.7,0.029143,43.389656,0,5,Sy2
SWIFT J2028.5+2543,307.1344,25.753284,26.739769,MCG +04-48-002,,307.1461,25.7333,77.79,72.97,82.7,0.0,1.7,1.62,1.79,2.9,0.0139,43.527573,0,5,Sy2
SWIFT J2030.2-7532,307.6948,-75.496124,5.991924,IRAS  20247-7542,6dF J2030416-753243,307.6736,-75.5452,12.1,8.53,16.08,0.0,2.1,1.7,2.56,1.1,0.114322,44.611298,0,8,QSO Sy1
SWIFT J2035.2+2604,308.80142,26.087883,5.0832705,2MASX J20350566+2603301,,308.77353,26.058332,11.33,7.46,15.74,0.0,2.09,1.61,2.67,1.1,0.048,43.78927,0,4,Sy1
SWIFT J2035.6-5013,308.94836,-50.214077,5.087718,ESO 234- G 050,,308.9912,-50.1923,11.46,7.22,16.46,0.0,2.07,1.52,2.72,0.8,0.008766,42.292007,0,5,Sy2
SWIFT J2040.2-5126,310.01126,-51.417816,5.937873,ESO 234-IG 063,,310.06558,-51.42975,11.13,7.23,15.87,0.0,2.48,1.88,3.32,0.6,0.053747,43.88335,0,5,Sy2 GALAXY/INTERACTIN
SWIFT J2042.3+7507,310.61832,75.11898,29.21559,4C +74.26,,310.6554,75.134,51.2,47.68,54.82,0.0,2.13,2.03,2.23,1.9,0.104,45.149654,0,8,Sy1
SWIFT J2044.0+2832,311.01086,28.5718,8.3205595,RX J2044.0+2833,,311.0188,28.5534,18.3,14.44,22.5,0.0,2.16,1.85,2.5,0.2,0.05,44.0342,0,4,Sy1
SWIFT J2044.2-1045,311.06076,-10.728189,36.008423,Mrk 509,,311.0406,-10.7235,96.16,90.95,101.47,0.0,2.04,1.97,2.12,3.2,0.0344,44.420048,0,4,Sy1.2
SWIFT J2109.1-0942,317.28693,-9.697857,9.945598,2MASX J21090996-0940147,,317.29153,-9.67075,19.75,15.73,24.17,0.0,2.49,2.18,2.85,0.9,0.026525,43.501747,0,4,Sy1.2 LINER
SWIFT J2114.4+8206,318.4928,82.09486,18.003416,2MASX J21140128+8204483,,318.5049,82.0801,35.83,32.05,39.75,0.0,1.89,1.75,2.04,0.9,0.084,44.797375,0,4,Sy1
SWIFT J2116.3+2512,319.0984,25.219788,5.0593,2MASX J21161028+2517010,,319.0428,25.2836,9.2,5.55,13.48,0.0,2.14,1.59,2.87,0.6,0.16,44.80954,0,4,Sy1
SWIFT J2118.9+3336,319.85956,33.527218,6.9781566,2MASX J21192912+3332566,,319.8714,33.5491,13.06,9.66,16.89,3.8089713E-14,2.3,1.91,2.76,1.0,0.0507,43.900204,0,5,Sy1.8
SWIFT J2127.4+5654,321.94382,56.960777,21.170984,SWIFT J212745.6+565636,IGR J21277+5656,321.9373,56.9444,37.27,34.0,40.66,0.0,2.42,2.28,2.56,0.5,0.0147,43.25714,0,4,Sy1
SWIFT J2132.0-3343,323.03,-33.709057,15.370254,6dF J2132022-334254,,323.0092,-33.715,42.69,37.31,48.33,0.0,1.89,1.71,2.07,1.0,0.02929,43.92442,0,4,Sy1
SWIFT J2134.9-2729,323.71835,-27.481306,6.3848248,2MASX J21344509-2725557,,323.688,-27.432083,17.25,12.14,23.06,0.0,2.0,1.57,2.5,0.5,0.067,44.273254,0,4,Sy1.5
SWIFT J2156.1+4728,324.00247,47.499386,11.099789,2MASX J21355399+4728217,1RXS J213555.0+4728217,323.975,47.4727,22.24,18.71,25.98,0.005375624,2.13,1.91,2.38,0.4,0.025,43.500896,0,4,Sy1
SWIFT J2135.5-6222,324.07135,-62.396526,13.776429,1RXS J213623.1-622400,,324.0963,-62.4002,29.26,25.21,33.53,0.0,2.08,1.88,2.29,0.9,0.0588,44.384308,0,4,Sy1
SWIFT J2136.8-6444,324.25937,-64.615944,5.0834417,IRAS F21329-6451,,324.21957,-64.63417,12.22,7.87,17.26,0.0,1.8,1.26,2.41,0.3,0.0704,44.168602,0,4,Sy1
SWIFT J2137.8-1433,324.44943,-14.553667,5.080918,PKS 2135-14,,324.43832,-14.548833,15.21,9.87,21.25,0.0,1.8,1.31,2.37,0.4,0.2003,45.244007,0,8,Sy1.5
SWIFT J2138.8-3207,324.69788,32.067364,8.732445,CGCG 493-002,,324.639,32.085,17.92,14.04,22.14,0.0,2.03,1.73,2.36,0.9,0.0248,43.39999,0,4,Sy1.5
SWIFT J2139.7+5951,324.91696,59.842495,6.3522534,1RXS J213944.3+595016,,324.93457,59.837776,10.48,7.43,14.0,0.0,2.59,2.11,3.24,0.5,0.114,44.546238,0,4,Sy1.5
SWIFT J2145.5+1101,326.4168,11.047971,5.240627,RX J2145.5+1102,SWIFT J214532.8+110255,326.38666,11.04868,12.66,8.23,17.78,0.0,1.98,1.47,2.58,0.9,0.209,45.205627,0,8,Sy1
SWIFT J2150.2-1855,327.59464,-18.984945,4.9613447,6dF J2149581-185924,,327.4919,-18.989944,9.99,5.54,15.33,0.0,2.16,1.52,3.05,0.8,0.1581,44.833923,0,4,Sy1
SWIFT J2157.2-6942,329.30566,-69.70085,6.1738405,PKS 2153-69,ESO 075- G 041,329.27493,-69.68991,14.2,10.12,18.7,0.0,1.81,1.42,2.24,0.6,0.028273,43.41503,0,5,Sy2/RADIO GALAXY
SWIFT J2200.9+1032,330.16864,10.562058,13.80295,Mrk 520,,330.1724,10.5524,30.57,26.22,35.17,0.0,2.07,1.87,2.28,0.4,0.02661,43.69431,0,5,Sy1.9
SWIFT J2201.9-3152,330.49973,-31.871069,63.438053,NGC 7172,,330.508,-31.8698,170.93,165.59,176.33,0.0,1.82,1.78,1.86,2.2,0.00868,43.45702,0,5,Sy2
SWIFT J2204.7+0337,331.05872,3.5538337,7.9867725,2MASX J22041914+0333511,,331.0799,3.563931,18.29,14.11,22.9,0.0,2.08,1.78,2.43,1.7,0.0611,44.214993,0,5,Sy2
SWIFT J2207.3+1013,331.81268,10.216606,4.872505,NGC 7212 NED02,,331.75824,10.233422,11.34,7.1,16.22,0.0,1.91,1.41,2.49,1.7,0.026665,43.265457,0,4,Sy2/Sy1h/GTRPL
SWIFT J2209.1-2747,332.25092,-27.80095,4.9608717,NGC 7214,,332.282,-27.809471,17.19,11.07,24.04,0.0,1.41,0.86,1.96,0.7,0.023128,43.320217,0,4,Sy1.2
SWIFT J2209.4-4711,332.30157,-47.19758,17.749073,NGC 7213,,332.3177,-47.1667,42.1,37.54,46.83,0.0,1.87,1.73,2.02,0.4,0.00584,42.50238,0,4,Sy1.5
SWIFT J2211.7+1843,332.9549,18.716637,7.0906725,II Zw 171,,332.97455,18.697184,17.09,12.82,21.72,0.0,1.84,1.52,2.19,0.7,0.07,44.309082,0,4,Sy1
SWIFT J2214.2-2557,333.5507,-25.935112,6.419514,2MASX J22140917-2557487,,333.5382,-25.963612,13.02,8.95,17.68,0.0,2.3,1.86,2.89,1.3,0.0519,43.91994,0,5,Sy1.8
SWIFT J2217.0+1413,334.25064,14.223664,5.229224,Mrk 304,,334.3011,14.239136,9.66,6.21,13.72,0.0,2.39,1.88,3.07,1.4,0.065762,44.004486,0,8,Sy1.0/RQQ
SWIFT J2223.8+1143,335.93716,11.852643,6.3505697,MCG +02-57-002,,335.938,11.836,14.18,10.08,18.81,0.0,2.09,1.69,2.55,0.9,0.029,43.43694,0,4,Sy1.5
SWIFT J2223.9-0207,335.9727,-2.1312556,17.202625,3C 445,,335.9566,-2.1034,42.19,37.48,47.11,0.0,2.02,1.87,2.18,0.5,0.0562,44.502354,0,5,Sy2
SWIFT J2226.8+3628,336.7592,36.356297,6.9961467,MCG +06-49-019,,336.77408,36.361584,19.77,15.07,24.86,0.0,1.54,1.19,1.89,0.4,0.021328,43.3094,0,5,Sy2
SWIFT J2229.9+6646,337.37448,66.80796,9.0108595,IGR J22292+6647,,337.3063,66.781,22.27,17.9,26.91,0.0,1.56,1.29,1.84,1.0,0.113,44.865376,0,4,Sy1
SWIFT J2234.8-2542,338.71207,-25.695316,5.4936304,ESO 533- G 050,,338.7076,-25.676945,13.55,0.0,0.0,0.03726307,1.58,0.0,0.0,0.3,0.026445,43.33544,0,5,Sy2
SWIFT J2235.9+3358,339.0118,33.996307,13.981235,NGC 7319,,339.0148,33.9757,36.77,32.32,41.41,0.0,1.65,1.49,1.82,1.2,0.02251,43.626507,0,5,Sy2
SWIFT J2236.7-1233,339.2209,-12.5678005,10.242943,Mrk 915,,339.1938,-12.5452,30.93,25.37,36.83,0.0,1.67,1.42,1.92,0.6,0.02411,43.612076,0,4,Sy1
SWIFT J2240.2+0801,340.05652,8.016584,7.181538,MCG +01-57-016,,340.07104,8.053913,16.64,12.47,21.26,0.0,2.11,1.77,2.51,1.2,0.024974,43.373993,0,5,Sy1.8
SWIFT J2248.7-5109,342.1691,-51.15311,5.7304964,2MASX J22484165-5109338,,342.17157,-51.165028,9.22,6.19,12.96,7.0859182E-12,2.61,2.05,3.36,1.2,0.1,44.368725,0,4,Sy1.5
SWIFT J2250.7-0854,342.68652,-8.87954,5.182338,2MASX J22505170-0854572,,342.71545,-8.91579,11.79,7.63,16.63,0.0,2.09,1.61,2.66,1.0,0.064886,44.07884,0,4,Sy1.5
SWIFT J2254.2+1147A,343.55804,11.758227,7.6906905,UGC 12243,,343.6813,11.7141,12.55,8.1,17.72,,1.9,1.39,2.5,0.4,0.0283,43.362232,0,4,Sy1
SWIFT J2254.2+1147B,343.55804,11.758227,7.6906905,UGC 12237,,343.58197,11.782472,17.11,12.77,21.93,0.0,2.03,1.67,2.44,0.5,0.028273,43.49599,0,5,Sy2
SWIFT J2256.5+0526,344.12064,5.4358687,4.9369607,2MASX J22563642+0525167,,344.15207,5.421444,9.5,6.06,13.58,0.0,2.47,1.92,3.21,0.6,0.066,44.000515,0,4,Sy1.5
SWIFT J2258.9+4054,344.70447,40.91991,8.021072,UGC 12282,,344.7312,40.9315,19.2,14.73,24.02,0.0,1.53,1.21,1.85,0.5,0.01699,43.09634,0,5,Sy1.9
SWIFT J2259.7+2458,344.88425,24.933125,11.559026,KAZ 320,,344.8871,24.9182,24.97,20.99,29.19,0.0,2.02,1.81,2.25,1.1,0.0345,43.83706,0,4,Sy1
SWIFT J2301.4-5916,345.35596,-59.268177,5.5777645,2MASX J23013626-5913210,,345.40103,-59.222527,7.5,4.88,10.79,0.0,2.79,2.16,3.65,1.2,0.149,44.653008,0,4,Sy1
SWIFT J2303.1-1837,345.78278,-18.675428,5.140737,PKS 2300-18,,345.762,-18.69,9.57,5.38,14.88,0.0,2.3,1.57,3.39,0.8,0.1283,44.61752,0,4,Sy1
SWIFT J2307.1+0433,346.79807,4.5761805,5.7727847,PG 2304+042,,346.76215,4.549227,15.0,10.21,20.36,0.0,1.73,1.29,2.21,0.4,0.042,43.791363,0,4,Sy1
SWIFT J2308.1+4014,347.02304,40.2632,5.9494367,2MASX J23075724+4016393,1RXS J230757.5+401636,346.9886,40.2775,11.36,7.54,15.74,0.0,1.9,1.43,2.44,0.5,0.074,44.182407,0,4,Sy1
SWIFT J2318.4-4223,349.58768,-42.384037,35.015144,NGC 7582,,349.5979,-42.3706,80.65,76.37,85.01,0.0,1.85,1.78,1.92,7.0,0.00525,42.691803,0,5,Sy2
SWIFT J2318.9+0013,349.73706,0.26825434,21.551123,NGC 7603,,349.7359,0.244,50.22,45.7,54.9,0.0,2.02,1.9,2.14,1.9,0.02952,44.00191,0,4,Sy1.5
SWIFT J2322.5-0646,350.64304,-6.759144,5.562379,2MASX J23222444-0645375,,350.6019,-6.7605,11.98,7.52,17.29,0.0,2.12,1.56,2.86,1.0,0.03297,43.477715,0,5,Sy2
SWIFT J2325.5-3827,351.3675,-38.449406,6.9068255,LCRS B232242.2-384320,,351.3508,-38.447,14.97,11.11,19.23,0.0,1.97,1.62,2.36,1.2,0.0359,43.650307,0,4,Sy1
SWIFT J2325.6+2157,351.4657,21.867306,7.4909453,2MASX J23255427+2153142,,351.476,21.887,17.18,12.8,22.03,0.0,1.97,1.61,2.38,0.8,0.12,44.808865,0,4,Sy1
SWIFT J2327.4+1525,351.8355,15.412871,5.8238425,2MASX J23272195+1524375,,351.84152,15.410363,10.52,7.21,14.38,0.0,2.47,1.99,3.1,0.7,0.045717,43.71329,0,4,Sy1
SWIFT J2328.9+0328,352.2791,3.505963,7.2319746,NGC 7679,,352.1944,3.5114,15.12,10.77,19.98,0.0,1.89,1.51,2.32,0.3,0.01713,42.99981,0,5,Sy2
SWIFT J2330.5+7124,352.6151,71.40656,6.1854506,IGR J23308+7120,2MASX J23303771+7122464,352.696,71.336,11.13,7.24,15.57,0.0,1.85,1.36,2.43,1.2,0.037,43.548496,0,5,Sy2
SWIFT J2333.9-2342,353.4564,-23.708363,5.9570503,PKS 2331-240,,353.48016,-23.72796,15.3,10.41,20.78,0.0,1.64,1.19,2.13,0.7,0.0477,43.914097,0,5,Sy2
SWIFT J2341.8+3033,355.47995,30.582905,8.509255,UGC 12741,,355.4811,30.5818,19.76,15.76,24.07,0.0,1.86,1.6,2.15,1.0,0.01744,43.13183,0,5,Sy2
SWIFT J2344.6-4246,356.1863,-42.756336,5.477004,2MASX J23444387-4243124,,356.18286,-42.72011,12.66,8.15,17.74,0.0,1.66,1.14,2.26,0.7,0.5975,46.27154,0,8,Sy2 QSO
SWIFT J2351.9-0109,357.969,-1.1497456,6.6578193,PKS 2349-01,,357.98386,-1.153708,18.45,13.39,24.04,0.0,1.65,1.26,2.06,0.3,0.174042,45.19227,0,8,Sy1 N-Galaxy
